brand_id,model_id,brand_name,model_name,image_count,years,minimum_year,maximum_year,unknown_year_images,suspicious_years,valid_labels,missing_labels,malformed_labels,invalid_bounding_boxes,viewpoint_unknown,viewpoint_1,viewpoint_2,viewpoint_3,viewpoint_4,viewpoint_5
1,1101,ABT,ABT A3,18,2011,2011,2011,0,,18,0,0,0,0,4,2,2,6,4
1,1102,ABT,ABT A4,12,2011;2012,2011,2012,0,,12,0,0,0,0,2,1,0,4,5
1,1103,ABT,ABT A5,28,2011;2013;2015,2011,2015,0,,28,0,0,0,0,4,4,3,8,9
1,1104,ABT,ABT A8,2,2010,2010,2010,0,,2,0,0,0,0,0,0,0,1,1
1,1105,ABT,ABT A6,7,2011,2011,2011,0,,7,0,0,0,0,0,0,1,3,3
1,1106,ABT,ABT Q7,4,2009,2009,2009,0,,4,0,0,0,0,0,0,1,2,1
1,1107,ABT,ABT TT,15,2010;2011,2010,2011,0,,15,0,0,0,0,1,2,1,6,5
1,1108,ABT,ABT A7,4,2010,2010,2010,0,,4,0,0,0,0,0,0,1,2,1
1,1109,ABT,ABT Q3,8,2011,2011,2011,0,,8,0,0,0,0,0,0,2,3,3
1,1110,ABT,ABT Q5,15,2011;2012,2011,2012,0,,15,0,0,0,0,1,2,3,5,4
1,1112,ABT,ABT RS 4,12,2013,2013,2013,0,,12,0,0,0,0,2,0,0,6,4
1,1113,ABT,ABT A1,8,2012,2012,2012,0,,8,0,0,0,0,0,0,2,2,4
2,1308,BAC,BAC Mono,24,2013,2013,2013,0,,24,0,0,0,0,4,4,3,8,5
3,1758,Conquest,Knight XV,35,2009,2009,2009,0,,35,0,0,0,0,4,2,3,20,6
4,509,DS,DS 5,120,2012;2013;2014,2012,2014,0,,120,0,0,0,0,17,17,25,37,24
4,510,DS,DS 6,120,2014,2014,2014,0,,120,0,0,0,0,17,14,22,43,24
4,511,DS,DS 5LS,119,2014,2014,2014,0,,119,0,0,0,0,25,13,20,38,23
4,512,DS,DS 3,120,2012;2013;2014;2015,2012,2015,0,,119,0,0,1,7,14,11,24,36,27
4,514,DS,DS Wild Rubis,28,2013;2014,2013,2014,0,,28,0,0,0,0,3,2,5,12,6
4,515,DS,DS 9,25,2012;2013,2012,2013,0,,25,0,0,0,1,1,0,6,12,5
4,516,DS,DS 4,120,2012,2012,2012,0,,120,0,0,0,0,13,8,29,37,33
5,1039,Dacia,Dokker,62,2013,2013,2013,0,,62,0,0,0,0,9,5,16,21,11
5,1040,Dacia,Duster,120,2009;2011;2014,2009,2014,0,,120,0,0,0,3,4,0,21,65,27
5,1041,Dacia,Logan,120,2005;2006;2007;2013;2014,2005,2014,0,,120,0,0,0,4,4,3,26,48,35
5,1042,Dacia,Sandero,97,2009;2010;2013,2009,2013,0,,97,0,0,0,2,1,1,12,54,27
5,1043,Dacia,Lodgy,25,2013,2013,2013,0,,25,0,0,0,0,5,2,3,6,9
6,1773,Fisker,Atlantic,16,2012,2012,2012,0,,16,0,0,0,2,0,3,4,6,1
6,1774,Fisker,Surf,54,2011,2011,2011,0,,54,0,0,0,0,4,6,17,10,17
6,1775,Fisker,Latigo,13,2006,2006,2006,0,,13,0,0,0,0,0,2,2,7,2
6,1776,Fisker,Tramonto,13,2006,2006,2006,0,,13,0,0,0,0,1,1,3,4,4
6,1777,Fisker,Karma,87,2013,2013,2013,0,,87,0,0,0,0,10,7,6,55,9
7,681,GMC,GMC3500,15,2011,2011,2011,0,,15,0,0,0,0,2,1,1,6,5
7,682,GMC,Yukon,120,2007;2008;2013;2015,2007,2015,0,,120,0,0,0,0,14,6,14,60,26
7,683,GMC,Terrain,111,2010;2012;2013;2014,2010,2014,0,,111,0,0,0,0,11,11,18,40,31
7,684,GMC,Sierra,120,2011;2012;2013;2014;2015,2011,2015,0,,120,0,0,0,0,11,6,14,56,33
7,685,GMC,Acadia,79,2007;2011;2013,2007,2013,0,,79,0,0,0,0,10,8,11,32,18
7,686,GMC,GMC CANYON,56,2015,2015,2015,0,,56,0,0,0,0,7,2,3,31,13
7,687,GMC,Savana,117,2006;2010;2011;2012;2013;2014,2006,2014,0,,117,0,0,0,0,20,14,13,38,32
8,1045,Gumpert,Apollo,66,2008;2010;2012,2008,2012,0,,66,0,0,0,3,12,11,8,25,7
8,1046,Gumpert,Explosion,7,2014,2014,2014,0,,7,0,0,0,0,1,1,1,2,2
8,1047,Gumpert,Tornante,15,2011,2011,2011,0,,15,0,0,0,0,3,1,3,4,4
9,1114,Hennessey,Venom GT,58,2011;2013,2011,2013,0,,58,0,0,0,0,3,5,13,20,17
9,1115,Hennessey,Venom F5,3,2015,2015,2015,0,,3,0,0,0,0,0,0,1,1,1
9,1116,Hennessey,VelociRaptor,35,2014,2014,2014,0,,35,0,0,0,0,1,1,9,15,9
10,1309,Icona,Vulcano,16,2013,2013,2013,0,,16,0,0,0,1,1,4,4,5,1
11,734,Jeep,Grand Cherokee SRT,120,2012;2013;2014;2015,2012,2015,0,,120,0,0,0,0,11,9,18,56,26
11,735,Jeep,Wrangler,160,2009;2010;2011;2012;2013;2014,2009,2014,0,,160,0,0,0,0,23,22,32,44,39
11,736,Jeep,Compass,125,2009;2010;2011;2012;2013;2014,2009,2014,0,,125,0,0,0,0,22,17,23,34,29
11,737,Jeep,Cherokee,120,2014,2014,2014,0,,120,0,0,0,0,23,8,16,41,32
11,738,Jeep,Patriot,120,2009;2011;2012;2013;2014,2009,2014,0,,120,0,0,0,0,15,16,22,38,29
11,739,Jeep,Free,41,2004;2008;2010;2012,2004,2012,0,,41,0,0,0,0,5,5,8,15,8
11,741,Jeep,Jeep J12,29,2012,2012,2012,0,,29,0,0,0,0,3,1,5,15,5
11,742,Jeep,Renegade,119,2014;2015,2014,2015,0,,119,0,0,0,1,15,12,15,43,33
11,745,Jeep,Grand Cherokee,120,2004;2005;2010;2011;2012;2013;2014,2004,2014,0,,120,0,0,0,0,20,13,16,47,24
12,1318,KTM,X-BOW,120,2008;2014,2008,2014,0,,120,0,0,0,2,10,7,20,58,23
13,1980,MELKUS,MELKUS RS2000,29,2011,2011,2011,0,,29,0,0,0,0,8,2,4,12,3
14,1827,MG,MG3 SW,107,2008;2009,2008,2009,0,,107,0,0,0,1,12,12,19,44,19
14,1828,MG,MG3 Xross,22,2011,2011,2011,0,,22,0,0,0,0,3,2,5,8,4
14,1829,MG,MG5,120,2012;2014,2012,2014,0,,120,0,0,0,0,15,15,24,45,21
14,1830,MG,MG6 sedan,24,2011,2011,2011,0,,24,0,0,0,0,2,2,4,12,4
14,1831,MG,MG6 hatchback,84,2010;2012;2013;2014,2010,2014,0,,84,0,0,0,0,17,11,19,19,18
14,1832,MG,MG7,116,2007;2008;2009;2010,2007,2010,0,,116,0,0,0,0,18,10,18,48,22
14,1833,MG,Icon,17,2012,2012,2012,0,,17,0,0,0,0,3,2,6,4,2
14,1835,MG,MG CS,8,2013,2013,2013,0,,8,0,0,0,0,1,1,4,2,0
14,1836,MG,MG3,120,2011;2013;2014,2011,2014,0,,120,0,0,0,0,20,17,23,32,28
15,827,MINI,MINI,142,2009;2011;2012;2013;2014;2015,2009,2015,0,,142,0,0,0,0,19,16,40,38,29
15,828,MINI,MINI CLUBMAN,132,2008;2009;2011;2013;2014,2008,2014,0,,132,0,0,0,2,23,17,21,36,33
15,829,MINI,MINI COUNTRYMAN,120,2011;2012;2013;2014;2015,2011,2015,0,,120,0,0,0,0,13,12,28,37,30
15,830,MINI,MINI COUPE,120,2009;2012,2009,2012,0,,120,0,0,0,0,16,12,20,43,29
15,831,MINI,MINI PACEMAN,120,2013;2014;2015,2013,2015,0,,120,0,0,0,0,7,8,20,51,34
15,832,MINI,MINI ROADSTER,120,2012,2012,2012,0,,120,0,0,0,2,8,9,30,45,26
15,833,MINI,MINI E,26,,,,26,,26,0,0,0,0,4,3,10,5,4
15,835,MINI,MINI CLUBVAN,120,2012;2013,2012,2013,0,,120,0,0,0,0,6,4,22,58,30
15,836,MINI,MINI BEACHCOMBER,31,2010,2010,2010,0,,31,0,0,0,3,3,2,10,6,7
15,837,MINI,MINI VISION,10,2013,2013,2013,0,,10,0,0,0,0,2,2,2,2,2
15,838,MINI,MINI Superleggera,60,2014,2014,2014,0,,60,0,0,0,6,5,6,10,18,15
15,839,MINI,MINI CABRIO,120,2011;2012,2011,2012,0,,120,0,0,0,2,9,8,30,44,27
15,840,MINI,MINI JCW,120,2013;2014;2015,2013,2015,0,,120,0,0,0,1,12,12,19,44,32
15,841,MINI,MINI JCW COUNTRYMAN,120,2013;2014,2013,2014,0,,120,0,0,0,6,19,10,22,34,29
15,842,MINI,MINI JCW COUPE,89,2013,2013,2013,0,,89,0,0,0,0,7,8,14,38,22
15,843,MINI,MINI JCW PACEMAN,120,2013;2014,2013,2014,0,,120,0,0,0,5,9,7,27,49,23
16,1979,Mazzanti,Evantra,14,2013,2013,2013,0,,14,0,0,0,0,0,1,5,4,4
17,2001,Noble,Noble M600,34,2010;2015,2010,2015,0,,34,0,0,0,5,4,6,6,11,2
17,2002,Noble,Noble M14,10,2004,2004,2004,0,,10,0,0,0,0,2,2,2,2,2
17,2003,Noble,Noble M15,23,2006,2006,2006,0,,23,0,0,0,4,0,0,4,9,6
17,2004,Noble,Noble M12,8,2003,2003,2003,0,,8,0,0,0,0,0,1,2,4,1
18,1048,PGO,CEVENNES,47,2009;2013,2009,2013,0,,47,0,0,0,0,10,8,9,15,5
18,1050,PGO,HEMERA,17,2013,2013,2013,0,,17,0,0,0,0,5,2,1,6,3
19,1898,SPIRRA,Spirra,36,2011,2011,2011,0,,36,0,0,0,0,7,5,6,11,7
20,1117,SSC,Tuatara,39,2012,2012,2012,0,,39,0,0,0,0,8,6,11,7,7
20,1118,SSC,Ultimate,14,2010,2010,2010,0,,14,0,0,0,0,2,0,5,5,2
21,1302,Scion,Scion tC,65,2011;2013;2014,2011,2014,0,,65,0,0,0,1,7,7,16,18,16
21,1303,Scion,Scion iQ,75,2010;2012;2013,2010,2013,0,,75,0,0,0,1,11,7,14,28,14
21,1304,Scion,Scion xB,62,2008;2012;2014,2008,2014,0,,62,0,0,0,2,4,4,21,23,8
21,1305,Scion,Scion xA,12,2005,2005,2005,0,,12,0,0,0,0,0,0,4,6,2
21,1306,Scion,Scion xD,56,2008,2008,2008,0,,56,0,0,0,0,3,1,11,23,18
21,1307,Scion,Scion FR-S,82,2013,2013,2013,0,,82,0,0,0,0,10,4,22,30,16
22,948,TESLA,MODEL S,120,2009;2014;2015,2009,2015,0,,120,0,0,0,1,15,8,20,57,19
22,949,TESLA,TESLA Roadster,120,2008;2010;2011;2012,2008,2012,0,,120,0,0,0,1,13,4,31,50,21
22,950,TESLA,MODEL X,25,2012,2012,2012,0,,25,0,0,0,0,4,2,7,7,5
23,1319,TVR,Sagaris,12,2004;2006,2004,2006,0,,12,0,0,0,0,2,3,3,3,1
23,1320,TVR,Tuscan,24,2006,2006,2006,0,,24,0,0,0,0,4,4,12,4,0
24,1310,Tramontana,Tramontana,38,2011,2011,2011,0,,38,0,0,0,1,6,1,7,17,6
25,1757,Zenvo,Zenvo ST1,94,2010;2015,2010,2015,0,,94,0,0,0,6,8,6,7,42,25
26,1692,smart,smart fortwo,164,2010;2011;2012;2013;2014;2015,2010,2015,0,,164,0,0,0,1,25,21,42,43,32
26,1693,smart,smart for-us,20,2012,2012,2012,0,,20,0,0,0,0,0,0,4,10,6
26,1694,smart,smart forjeremy,68,2012;2013,2012,2013,0,,68,0,0,0,0,5,7,20,24,12
26,1695,smart,smart forstars,22,2012;2013,2012,2013,0,,22,0,0,0,0,0,0,0,14,8
26,1696,smart,smart forfour,83,2015,2015,2015,0,,83,0,0,0,5,5,3,29,33,8
26,1697,smart,smart fortwo electric,33,2014,2014,2014,0,,33,0,0,0,0,1,2,7,16,7
27,1064,Yiqi,Junpai D60,120,2013;2014;2015,2013,2015,0,,120,0,0,0,0,19,16,22,38,25
27,1065,Yiqi,Weizhi,98,2009;2011,2009,2011,0,,98,0,0,0,0,12,12,12,37,25
27,1066,Yiqi,Weizhi V2,120,2010;2012;2013,2010,2013,0,,120,0,0,0,0,21,10,13,52,24
27,1067,Yiqi,Weizhi V2 CROSS,16,2012,2012,2012,0,,16,0,0,0,0,2,2,4,4,4
27,1068,Yiqi,Weizhi V5,120,2012;2013;2014,2012,2014,0,,120,0,0,0,0,19,13,23,36,29
27,1069,Yiqi,Weizi,50,2004;2009;2011,2004,2011,0,,50,0,0,0,0,7,6,11,13,13
27,1070,Yiqi,Xiali N5,118,2010;2011;2013;2014,2010,2014,0,,118,0,0,0,0,18,16,21,33,30
27,1071,Yiqi,Xiali N7,162,2013;2014,2013,2014,0,,162,0,0,0,0,26,20,31,50,35
27,1072,Yiqi,Xiali hatchback,18,2011;2012,2011,2012,0,,18,0,0,0,0,3,2,4,5,4
27,1073,Yiqi,Xiali sedan,45,2008;2012,2008,2012,0,,45,0,0,0,0,9,4,6,14,12
27,1076,Yiqi,FAW NH2,10,2012,2012,2012,0,,10,0,0,0,0,3,0,2,3,2
27,1077,Yiqi,FAW NS2,4,2012,2012,2012,0,,4,0,0,0,0,1,0,0,3,0
27,1078,Yiqi,FAW TFC,8,2010,2010,2010,0,,8,0,0,0,0,2,0,2,2,2
27,1079,Yiqi,FAW X121,8,2012,2012,2012,0,,8,0,0,0,0,0,2,0,4,2
27,1081,Yiqi,Kuncheng,16,2011,2011,2011,0,,16,0,0,0,0,3,1,2,6,4
27,1082,Yiqi,Jiabao T50,6,2011,2011,2011,0,,6,0,0,0,0,1,0,2,2,1
27,1083,Yiqi,Jiabao T57,16,2011,2011,2011,0,,16,0,0,0,0,1,1,3,7,4
27,1084,Yiqi,Jiabao V52,46,2011;2012,2011,2012,0,,46,0,0,0,0,8,6,9,13,10
27,1085,Yiqi,Jiabao V55,13,2011,2011,2011,0,,13,0,0,0,0,4,0,3,5,1
27,1086,Yiqi,Jiabao V70,64,2009;2011;2012,2009,2012,0,,64,0,0,0,0,9,6,12,20,17
27,1087,Yiqi,Jiabao V80,132,2013;2014,2013,2014,0,,132,0,0,0,0,19,13,26,48,26
27,1088,Yiqi,Senya M80,120,2009;2011;2012;2014,2009,2014,0,,120,0,0,0,0,11,12,14,59,24
27,1089,Yiqi,Senya S80,95,2011;2013;2014,2011,2014,0,,95,0,0,0,0,15,11,11,41,17
27,1090,Yiqi,Jiabao T51,15,2011,2011,2011,0,,15,0,0,0,0,1,1,3,6,4
28,1864,Mitsubishi,ASX,120,2013;2014;2015,2013,2015,0,,120,0,0,0,0,22,14,16,44,24
28,1865,Mitsubishi,Pajero Sport,120,2011;2013;2014,2011,2014,0,,120,0,0,0,0,18,13,24,42,23
28,1866,Mitsubishi,Pajero,157,2008;2010;2011;2012;2014;2015,2008,2015,0,,157,0,0,0,0,23,10,21,74,29
28,1867,Mitsubishi,Grandis,95,2004;2006;2007;2008;2009;2010,2004,2010,0,,95,0,0,0,0,19,11,12,31,22
28,1870,Mitsubishi,Eclipse,47,2008;2009,2008,2009,0,,47,0,0,0,0,9,4,12,13,9
28,1871,Mitsubishi,Evo,82,2006;2008;2012,2006,2012,0,,82,0,0,0,0,12,10,12,29,19
28,1872,Mitsubishi,Mitsubishi i,120,2008;2011;2012,2008,2012,0,,120,0,0,0,4,14,4,17,59,22
28,1873,Mitsubishi,Mitsubishi Colt,75,2005;2009,2005,2009,0,,75,0,0,0,0,4,0,9,49,13
28,1874,Mitsubishi,ASX abroad version,120,2010;2011;2012;2013;2015,2010,2015,0,,120,0,0,0,0,15,7,15,47,36
28,1875,Mitsubishi,Global Small,25,2011,2011,2011,0,,25,0,0,0,0,2,2,7,9,5
28,1876,Mitsubishi,Mirage,57,2012;2014,2012,2014,0,,57,0,0,0,0,6,4,9,25,13
28,1877,Mitsubishi,Mitsubishi G4,14,2013,2013,2013,0,,14,0,0,0,0,2,2,3,4,3
28,1878,Mitsubishi,Endeavor,34,2004;2006;2007;2011,2004,2011,0,,34,0,0,0,0,4,3,3,13,11
28,1879,Mitsubishi,Mitsubishi CA-MiEV,28,2013,2013,2013,0,,28,0,0,0,0,4,5,8,7,4
28,1880,Mitsubishi,Mitsubishi GR-HEV,26,2013,2013,2013,0,,26,0,0,0,0,3,3,4,9,7
28,1881,Mitsubishi,Mitsubishi PX-MiEV,17,2009,2009,2009,0,,17,0,0,0,0,2,1,2,8,4
28,1882,Mitsubishi,Mitsubishi XR-PHEV,107,2013;2014;2015,2013,2015,0,,106,0,0,1,1,14,5,24,32,30
28,1884,Mitsubishi,eK Space,14,2013,2013,2013,0,,14,0,0,0,0,0,1,0,6,7
28,1885,Mitsubishi,Outlander abroad version,122,2010;2011;2012;2013;2014,2010,2014,0,,122,0,0,0,0,21,17,20,37,27
28,1886,Mitsubishi,Mitsubishi Fortis,110,2013,2013,2013,0,,110,0,0,0,0,17,16,18,36,23
28,1887,Mitsubishi,Mitsubishi Zinger,120,2008;2009;2011,2008,2011,0,,120,0,0,0,0,20,12,19,42,27
28,1888,Mitsubishi,Mitsubishi Lancer,119,2006;2007;2008;2010;2012;2015,2006,2015,0,,119,0,0,0,0,18,13,14,42,32
28,1889,Mitsubishi,Mitsubishi Lancer EX,120,2010;2011;2012;2013;2014;2015,2010,2015,0,,120,0,0,0,0,23,18,21,34,24
28,1891,Mitsubishi,Mitsubishi Galant,117,2007;2009;2012,2007,2012,0,,117,0,0,0,1,16,11,17,50,22
29,1245,Shangqidatong,MAXUS G10,118,2013;2014,2013,2014,0,,118,0,0,0,0,17,13,23,36,29
29,1246,Shangqidatong,MAXUS V80xs,118,2011;2012;2013;2014;2015,2011,2015,0,,118,0,0,0,0,19,13,15,48,23
30,1895,Spyker N.V.,Spyker C8,117,2006;2008;2009;2010;2011,2006,2011,0,,117,0,0,0,0,20,17,13,43,24
30,1896,Spyker N.V.,Spyker C12,16,2009,2009,2009,0,,16,0,0,0,0,1,2,8,2,3
30,1897,Spyker N.V.,Spyker B6,37,2013,2013,2013,0,,37,0,0,0,0,5,1,7,13,11
31,533,Dongnan,V3 Lingyue,153,2009;2010;2011;2012;2013;2014,2009,2014,0,,153,0,0,0,0,31,24,25,44,29
31,534,Dongnan,V6 Lingyue,120,2012;2013;2014,2012,2014,0,,120,0,0,0,0,18,14,25,35,28
31,535,Dongnan,Delica,43,2008;2010;2014,2008,2014,0,,43,0,0,0,0,4,4,9,16,10
31,536,Dongnan,Xiwang,89,2010;2011,2010,2011,0,,89,0,0,0,0,11,10,19,25,24
31,538,Dongnan,Northeast V4,5,2010,2010,2010,0,,5,0,0,0,0,1,1,2,1,0
31,540,Dongnan,Northeast V7,15,2013,2013,2013,0,,15,0,0,0,0,2,0,4,7,2
31,543,Dongnan,V5 Lingzhi,118,2012;2013;2014;2015,2012,2015,0,,118,0,0,0,0,21,16,17,37,27
32,544,Dongfeng,Junfeng CV03,107,2012,2012,2012,0,,107,0,0,0,0,11,11,20,36,29
32,545,Dongfeng,Dongfeng HUV,10,2012,2012,2012,0,,10,0,0,0,0,2,2,0,4,2
32,547,Dongfeng,Yufeng,63,2012;2014,2012,2014,0,,63,0,0,0,0,8,5,16,22,12
33,571,Dongfengxiaokang,DFSK C37,135,2012;2014;2015,2012,2015,0,,135,0,0,0,0,16,19,30,33,37
33,573,Dongfengxiaokang,DFSK K07,43,2006;2008;2010;2012;2013,2006,2013,0,,43,0,0,0,0,5,6,8,12,12
33,574,Dongfengxiaokang,DFSK K07II,60,2007;2011;2013;2014,2007,2014,0,,60,0,0,0,0,8,7,13,18,14
33,576,Dongfengxiaokang,DFSK V07S,45,2011;2012,2011,2012,0,,45,0,0,0,0,5,6,9,13,12
33,577,Dongfengxiaokang,DFSK V21,19,2011,2011,2011,0,,19,0,0,0,0,3,2,3,7,4
33,578,Dongfengxiaokang,DFSK V27,52,2011,2011,2011,0,,52,0,0,0,0,7,7,9,16,13
33,579,Dongfengxiaokang,DFSK V29,44,2011;2012,2011,2012,0,,44,0,0,0,0,6,6,8,13,11
33,580,Dongfengxiaokang,Fengguang,120,2013;2014;2015,2013,2015,0,,120,0,0,0,0,15,15,26,36,28
33,583,Dongfengxiaokang,DFSK V22,24,2009;2011,2009,2011,0,,24,0,0,0,0,2,2,6,7,7
34,565,Dongfengfengdu,Ruiqi Pickup,34,2009;2010;2013;2015,2009,2015,0,,34,0,0,0,0,5,5,4,10,10
34,566,Dongfengfengdu,Ruiqi Cargo,30,2010,2010,2010,0,,30,0,0,0,0,1,3,3,7,16
34,567,Dongfengfengdu,Shuaike,96,2010;2011;2012;2013;2014,2010,2014,0,,96,0,0,0,0,15,12,18,28,23
34,568,Dongfengfengdu,Yuxuan,24,2009,2009,2009,0,,24,0,0,0,0,5,3,3,9,4
34,569,Dongfengfengdu,Junfeng,11,2013;2014,2013,2014,0,,11,0,0,0,0,2,2,2,3,2
35,555,Dongfengfengshen,Fengshen A30,120,2014,2014,2014,0,,120,0,0,0,16,16,15,18,32,23
35,557,Dongfengfengshen,Fengshen CROSS,120,2011;2012;2013;2014,2011,2014,0,,120,0,0,0,0,18,13,27,36,26
35,558,Dongfengfengshen,Fengshen H30,114,2010;2011;2012;2013;2014,2010,2014,0,,114,0,0,0,0,22,15,21,33,23
35,559,Dongfengfengshen,Fengshen S30,118,2009;2011;2012;2013;2014,2009,2014,0,,118,0,0,0,0,23,15,19,38,23
35,560,Dongfengfengshen,Fengshen E30L,10,2013;2015,2013,2015,0,,10,0,0,0,0,2,1,2,3,2
35,563,Dongfengfengshen,Fengshen A60,119,2012;2014,2012,2014,0,,119,0,0,0,0,18,15,18,38,30
36,548,Dongfengfengxing,Fengxing CM7,120,2014,2014,2014,0,,120,0,0,0,0,21,17,19,39,24
36,549,Dongfengfengxing,Jingyi S50,119,2014,2014,2014,0,,119,0,0,0,12,18,13,21,32,23
36,550,Dongfengfengxing,Jingyi SUV,83,2012,2012,2012,0,,83,0,0,0,0,13,12,16,23,19
36,551,Dongfengfengxing,Jingyi X3,117,2014;2015,2014,2015,0,,117,0,0,0,1,16,12,21,37,30
36,552,Dongfengfengxing,Jingyi X5,119,2013;2015,2013,2015,0,,119,0,0,0,0,19,15,19,40,26
36,553,Dongfengfengxing,Lingzhi,119,2011;2013;2014;2015,2011,2015,0,,119,0,0,0,2,21,13,18,41,24
36,554,Dongfengfengxing,Jingyi,117,2007;2009;2010;2011;2012;2014,2007,2014,0,,117,0,0,0,0,14,13,20,50,20
37,1981,Zxauto,Changling,13,2010;2012,2010,2012,0,,13,0,0,0,0,1,1,3,5,3
37,1982,Zxauto,Grandtiger F1,46,2010;2011;2012,2010,2012,0,,46,0,0,0,0,6,5,7,19,9
37,1983,Zxauto,Grandtiger G3,111,2010;2012;2013;2014,2010,2014,0,,111,0,0,0,0,16,14,19,34,28
37,1984,Zxauto,Grandtiger TUV,120,2011;2012;2013;2014,2011,2014,0,,120,0,0,0,0,14,15,24,35,32
37,1985,Zxauto,Grandtiger abroad version,8,2010,2010,2010,0,,8,0,0,0,0,1,1,2,2,2
37,1986,Zxauto,Quick,48,2010;2012,2010,2012,0,,48,0,0,0,0,5,6,10,15,12
37,1987,Zxauto,Quick V5,48,2009,2009,2009,0,,48,0,0,0,0,4,4,6,26,8
37,1988,Zxauto,Quick V7,47,2010;2011,2010,2011,0,,47,0,0,0,0,7,6,7,19,8
37,1989,Zxauto,Zxauto C3,114,2012;2013;2014,2012,2014,0,,114,0,0,0,0,14,13,21,45,21
37,1991,Zxauto,GreenWheel,12,2013,2013,2013,0,,12,0,0,0,0,2,0,4,4,2
37,1992,Zxauto,Grandtiger SUV,8,2013,2013,2013,0,,8,0,0,0,0,2,2,1,1,2
37,1993,Zxauto,Qijian A9,72,2009;2010;2011;2012;2013;2014,2009,2014,0,,72,0,0,0,0,10,9,14,21,18
38,1949,Zhonghua,Zhonghua H220,120,2013;2014,2013,2014,0,,120,0,0,0,0,17,21,20,36,26
38,1950,Zhonghua,Zhonghua H320,118,2012,2012,2012,0,,118,0,0,0,0,19,14,21,35,29
38,1951,Zhonghua,Zhonghua H330,120,2013,2013,2013,0,,120,0,0,0,0,24,13,24,34,25
38,1952,Zhonghua,Zhonghua H530,120,2011;2012;2014,2011,2014,0,,120,0,0,0,0,19,16,16,39,30
38,1953,Zhonghua,Zhonghua V5,120,2012;2014,2012,2014,0,,120,0,0,0,0,19,16,15,40,30
38,1954,Zhonghua,Zhonghua Junjie,117,2009;2011;2012,2009,2012,0,,117,0,0,0,0,22,16,14,48,17
38,1955,Zhonghua,Zhonghua Junjie CROSS,120,2009;2010;2012,2009,2012,0,,120,0,0,0,0,25,11,15,44,25
38,1956,Zhonghua,Zhonghua Junjie FRV,120,2008;2009;2010,2008,2010,0,,120,0,0,0,0,21,16,18,39,26
38,1957,Zhonghua,Zhonghua Junjie FSV,117,2009;2010;2011,2009,2011,0,,117,0,0,0,0,21,14,12,45,25
38,1958,Zhonghua,Zhonghua Junjie Wagon,83,2008;2009;2011,2008,2011,0,,83,0,0,0,0,11,9,11,32,20
38,1959,Zhonghua,Zhonghua Zunchi,120,2004;2007;2008;2009;2011,2004,2011,0,,120,0,0,0,0,22,14,13,40,31
38,1961,Zhonghua,Zhonghua H230,119,2012,2012,2012,0,,119,0,0,0,0,11,10,24,45,29
39,1321,Toyota,Toyota RAV4,119,2009;2010;2012;2013,2009,2013,0,,119,0,0,0,0,23,16,19,39,22
39,1322,Toyota,Crown,119,2010;2011;2012;2013;2015,2010,2015,0,,119,0,0,0,0,22,14,24,33,26
39,1323,Toyota,Corolla,158,2011;2012;2013;2014,2011,2014,0,,158,0,0,0,0,26,25,28,50,29
39,1324,Toyota,Coaster,36,2007;2013,2007,2013,0,,36,0,0,0,0,3,3,5,19,6
39,1325,Toyota,Lcruiser,118,2007;2010;2012;2013,2007,2013,0,,118,0,0,0,0,21,13,18,45,21
39,1326,Toyota,Prado,119,2006;2010;2014,2006,2014,0,,119,0,0,0,0,20,15,22,34,28
39,1327,Toyota,Prius,120,2005;2006;2012,2005,2012,0,,120,0,0,0,0,16,14,27,38,25
39,1328,Toyota,Reiz,120,2010;2012;2013,2010,2013,0,,120,0,0,0,0,20,16,28,34,22
39,1329,Toyota,Vios,119,2011;2013;2014;2015,2011,2015,0,,119,0,0,0,0,22,20,18,33,26
39,1330,Toyota,Huaguan,118,2010;2011;2013,2010,2013,0,,118,0,0,0,0,20,14,22,31,31
39,1331,Toyota,FJ Cruiser,120,2007;2010;2011;2013;2014,2007,2014,0,,120,0,0,0,1,15,13,18,46,27
39,1332,Toyota,Venza,120,2009;2013,2009,2013,0,,120,0,0,0,0,14,12,20,50,24
39,1333,Toyota,Alphard,120,2011;2012;2013;2015,2011,2015,0,,120,0,0,0,0,12,11,15,55,27
39,1334,Toyota,Toyota 4 Rinner,120,2010;2011;2014,2010,2014,0,,120,0,0,0,0,9,5,12,73,21
39,1335,Toyota,Toyota 86,120,2012;2013;2014;2015,2012,2015,0,,120,0,0,0,0,9,6,12,69,24
39,1336,Toyota,Sequoia,120,2008;2010;2011;2012,2008,2012,0,,120,0,0,0,0,2,2,36,69,11
39,1337,Toyota,Zelas,137,2011;2013;2014,2011,2014,0,,137,0,0,0,0,19,15,20,55,28
39,1338,Toyota,Coaster abroad version,1,2012,2012,2012,0,,1,0,0,0,0,0,0,0,1,0
39,1341,Toyota,Previa,133,2004;2006;2007;2008;2010;2012,2004,2012,0,,133,0,0,0,0,19,13,21,49,31
39,1342,Toyota,Saina,83,2009;2011;2012;2015,2009,2015,0,,83,0,0,0,0,8,7,24,32,12
39,1343,Toyota,Toyota IQ,120,2009;2013,2009,2013,30,,120,0,0,0,0,16,5,30,54,15
39,1344,Toyota,Toyota Aygo,120,2009;2013;2014;2015,2009,2015,0,,120,0,0,0,0,16,4,15,61,24
39,1345,Toyota,Avensis,120,2009;2012;2015,2009,2015,0,,120,0,0,0,0,8,5,26,57,24
39,1346,Toyota,Toyota Verso,120,2010;2011;2013;2014,2010,2014,0,,120,0,0,0,3,4,6,21,61,25
39,1347,Toyota,Toyota MR2,28,,,,28,,28,0,0,0,0,2,0,7,14,5
39,1348,Toyota,Toyota FT-HS,30,2006,2006,2006,0,,30,0,0,0,0,2,1,11,8,8
39,1349,Toyota,Undra,120,2009;2011;2014;2015,2009,2015,0,,120,0,0,0,1,8,9,12,65,25
39,1350,Toyota,Toyota Auris,120,2010;2011;2013;2016,2010,2016,0,,120,0,0,0,0,9,12,15,57,27
39,1351,Toyota,WISH,32,2010;2011,2010,2011,0,,32,0,0,0,0,5,2,2,18,5
39,1356,Toyota,Toyota FT-86,97,2009;2010;2011;2013,2009,2013,0,,97,0,0,0,0,10,7,21,36,23
39,1358,Toyota,Highlander abroad version,120,2014,2014,2014,0,,120,0,0,0,0,9,8,23,46,34
39,1360,Toyota,Toyota Fun-Vii,13,2011,2011,2011,0,,13,0,0,0,0,0,0,3,6,4
39,1361,Toyota,Toyota Hilux,90,2012;2014,2012,2014,0,,90,0,0,0,0,9,2,16,39,24
39,1362,Toyota,Toyota i-Road,24,2013,2013,2013,0,,24,0,0,0,0,4,1,7,6,6
39,1363,Toyota,Toyota Tacoma,120,2011;2012;2013;2015,2011,2015,0,,120,0,0,0,0,13,7,11,62,27
39,1365,Toyota,Toyota FCV-R,22,2012,2012,2012,0,,22,0,0,0,0,5,0,6,7,4
39,1366,Toyota,Toyota FT-CH,25,2010,2010,2010,0,,25,0,0,0,0,2,3,8,9,3
39,1367,Toyota,Toyota Hi-CT,15,2007,2007,2007,0,,15,0,0,0,0,0,0,4,6,5
39,1368,Toyota,Toyota NS4,36,2012,2012,2012,0,,36,0,0,0,0,4,5,10,13,4
39,1370,Toyota,丰田Avalon,119,2006;2011;2013;2015,2006,2015,0,,119,0,0,0,0,16,9,19,50,25
39,1372,Toyota,Toyota FT-1,78,2014,2014,2014,0,,78,0,0,0,0,14,7,18,22,17
39,1374,Toyota,Toyota Matrix,59,2009;2011,2009,2011,0,,59,0,0,0,0,3,2,7,34,13
39,1375,Toyota,Toyota Urban Cruiser,50,2009,2009,2009,0,,50,0,0,0,0,5,4,14,19,8
39,1376,Toyota,Toyota 1X,10,2007,2007,2007,0,,10,0,0,0,0,1,5,1,3,0
39,1377,Toyota,Toyota FT-Bh,14,2012,2012,2012,0,,14,0,0,0,0,2,2,3,2,5
39,1378,Toyota,Toyota FT-EV,41,2010;2012,2010,2012,0,,41,0,0,0,0,8,4,9,14,6
39,1379,Toyota,Toyota ME.WE,44,2013,2013,2013,0,,44,0,0,0,2,2,2,4,19,15
39,1380,Toyota,Toyota RiN,16,2007,2007,2007,0,,16,0,0,0,0,0,0,5,7,4
39,1381,Toyota,Yuejia,9,2013,2013,2013,0,,9,0,0,0,0,2,1,1,4,1
39,1382,Toyota,Toyota FCV,49,2014,2014,2014,0,,49,0,0,0,0,10,8,7,18,6
39,1385,Toyota,YARiS L,120,2013;2014;2015,2013,2015,0,,120,0,0,0,0,21,18,20,37,24
39,1386,Toyota,Camry,196,2008;2009;2010;2011;2012;2013;2015,2008,2015,0,,196,0,0,0,0,37,25,31,62,41
39,1387,Toyota,Camry hybrid,30,2012,2012,2012,0,,30,0,0,0,0,4,5,7,7,7
39,1388,Toyota,Levin,120,2014,2014,2014,0,,120,0,0,0,0,19,19,25,35,22
39,1389,Toyota,Yaris,118,2008;2009;2011;2013;2015,2008,2015,0,,118,0,0,0,0,12,7,22,51,26
39,1390,Toyota,EZ,117,2011;2012;2014;2015,2011,2015,0,,117,0,0,0,0,18,19,22,36,22
39,1391,Toyota,EZ Crossover,6,2012,2012,2012,0,,6,0,0,0,0,1,1,1,2,1
39,1392,Toyota,Highlander,120,2009;2011;2012;2013,2009,2013,0,,120,0,0,0,0,20,15,16,40,29
40,1091,Zinoro,Zhinuo 1E,78,2014,2014,2014,0,,78,0,0,0,0,13,14,9,24,18
41,759,Jiulong,Aifei,17,2014,2014,2014,0,,17,0,0,0,0,2,3,3,5,4
41,760,Jiulong,Jiulong A5,11,2010,2010,2010,0,,11,0,0,0,0,2,0,0,6,3
41,761,Jiulong,Jiulong A6,11,2010,2010,2010,0,,11,0,0,0,0,2,0,2,5,2
41,762,Jiulong,Big MPV,12,2012,2012,2012,0,,12,0,0,0,0,2,1,1,6,2
42,1248,Isuzu,D-MAX,118,2014;2015,2014,2015,0,,118,0,0,0,1,14,17,19,36,31
43,1899,Wuling,Wulinghongguang,119,2010;2013;2014,2010,2014,0,,119,0,0,0,0,18,16,24,37,24
43,1901,Wuling,Wulingzhiguang,118,2010;2013;2014,2010,2014,0,,118,0,0,0,1,18,11,27,40,21
43,1902,Wuling,Xingwang,1,2008,2008,2008,0,,1,0,0,0,0,0,0,1,0,0
43,1903,Wuling,Xiaoxuanfeng,1,2008,2008,2008,0,,1,0,0,0,0,0,0,0,1,0
43,1904,Wuling,Wulingrongguang,115,2008;2011;2012;2014,2008,2014,0,,115,0,0,0,0,18,13,22,33,29
44,1763,AC Chnitzer,AC Schnitzer 1 Class,24,2011;2012,2011,2012,0,,24,0,0,0,0,4,4,5,6,5
44,1764,AC Chnitzer,AC Schnitzer 5 Class,53,2010;2011;2012,2010,2012,0,,53,0,0,0,0,5,6,13,18,11
44,1765,AC Chnitzer,AC Schnitzer 6 Class,10,2012,2012,2012,0,,10,0,0,0,0,2,2,2,2,2
44,1766,AC Chnitzer,AC Schnitzer 7 Class,4,2011,2011,2011,0,,4,0,0,0,0,1,0,1,2,0
44,1767,AC Chnitzer,AC Schnitzer MINI,8,2012,2012,2012,0,,8,0,0,0,0,1,1,2,2,2
44,1768,AC Chnitzer,AC Schnitzer X1,14,2010,2010,2010,0,,14,0,0,0,0,2,2,4,4,2
44,1769,AC Chnitzer,AC Schnitzer X3,16,2012,2012,2012,0,,16,0,0,0,0,2,2,4,4,4
44,1770,AC Chnitzer,AC Schnitzer X5,43,2008;2010;2011;2014,2008,2014,0,,43,0,0,0,0,7,7,6,12,11
44,1771,AC Chnitzer,AC Schnitzer X6,77,2008;2010;2011;2014;2015,2008,2015,0,,77,0,0,0,0,12,11,14,24,16
44,1772,AC Chnitzer,AC Schnitzer 3 Class,38,2008;2010;2012,2008,2012,0,,38,0,0,0,0,5,6,7,11,9
45,1025,Zoyte,Jiangnan TT,57,2010;2011,2010,2011,0,,57,0,0,0,0,11,8,12,16,10
45,1027,Zoyte,Zotye 5008,120,2008;2010;2011,2008,2011,0,5008,120,0,0,0,0,14,12,19,46,29
45,1028,Zoyte,Zotye M300,109,2009;2010;2011,2009,2011,0,,109,0,0,0,0,15,12,22,38,22
45,1029,Zoyte,Zotye T200,118,2011;2013;2014,2011,2014,0,,118,0,0,0,0,17,13,23,33,32
45,1030,Zoyte,Zotye T600,120,2011;2014,2011,2014,0,,120,0,0,0,0,20,15,25,37,23
45,1031,Zoyte,Zotye V10,50,2011;2012,2011,2012,0,,50,0,0,0,0,6,5,12,17,10
45,1032,Zoyte,Zotye Z100,120,2013,2013,2013,0,,120,0,0,0,0,17,12,23,39,29
45,1033,Zoyte,Zotye Z200,103,2011;2013,2011,2013,0,,103,0,0,0,0,15,15,20,32,21
45,1034,Zoyte,Zotye Z200HB,108,2011,2011,2011,0,,108,0,0,0,0,20,14,22,30,22
45,1035,Zoyte,Zotye Z300,118,2012;2013;2014,2012,2014,0,,118,0,0,0,1,20,11,21,38,27
45,1038,Zoyte,Zhidou E20,27,2014,2014,2014,0,,27,0,0,0,0,3,3,6,8,7
46,1288,Iveco,Power Daily,53,2009;2012;2013;2014,2009,2014,0,,53,0,0,0,0,7,7,8,19,12
46,1290,Iveco,Duling,17,2008;2009;2011,2008,2011,0,,17,0,0,0,0,6,1,0,10,0
46,1293,Iveco,Turbo Daily,21,2008;2011;2013,2008,2013,0,,21,0,0,0,0,3,1,4,9,4
46,1294,Iveco,Campagnola,52,2009,2009,2009,0,,52,0,0,0,0,4,0,6,39,3
46,1295,Iveco,Massif,19,2008,2008,2008,0,,19,0,0,0,0,0,0,0,19,0
47,1317,Bufori,La Joya,23,2012,2012,2012,0,,23,0,0,0,0,2,1,5,11,4
48,315,Porsche,Boxster,120,2009;2013;2014,2009,2014,0,,120,0,0,0,0,12,11,33,38,26
48,316,Porsche,Macan,120,2014,2014,2014,0,,120,0,0,0,1,13,9,18,43,36
48,317,Porsche,Panamera,120,2009;2010;2012;2013;2014;2015,2009,2015,0,,120,0,0,0,1,19,16,29,28,27
48,318,Porsche,Panamera hybrid,43,2012;2014,2012,2014,0,,43,0,0,0,0,6,4,7,16,10
48,319,Porsche,Porsche 911,132,2010;2011;2012;2013;2014,2010,2014,0,,132,0,0,0,1,15,16,28,41,31
48,320,Porsche,Porsche 918,120,2011;2012;2014;2015,2011,2015,0,,120,0,0,0,4,10,6,23,48,29
48,321,Porsche,Canyenne,120,2011;2013;2014;2015,2011,2015,0,,120,0,0,0,0,14,9,20,40,37
48,322,Porsche,Canyenne hybrid,42,2011;2015,2011,2015,0,,42,0,0,0,0,4,3,9,16,10
48,323,Porsche,Carrera GT,68,2004,2004,2004,0,,68,0,0,0,0,7,4,6,27,24
48,324,Porsche,Porsche 917,5,2014,2014,2014,0,,5,0,0,0,0,1,1,1,1,1
48,325,Porsche,Porsche 919,60,2014,2014,2014,0,,60,0,0,0,7,13,4,12,17,7
48,326,Porsche,Cayman,120,2009;2012;2013;2014;2016,2009,2016,0,,120,0,0,0,0,16,11,30,30,33
49,1434,Mitsuoka,Galue,37,2010;2011,2010,2011,0,,37,0,0,0,0,6,3,1,16,11
49,1435,Mitsuoka,Orochi,56,2010;2011;2014,2010,2014,0,,56,0,0,0,0,9,6,8,19,14
49,1436,Mitsuoka,Himiko,72,2010;2011,2010,2011,0,,72,0,0,0,0,10,6,4,28,24
50,1119,Chrysler,Town,4,2010,2010,2010,0,,4,0,0,0,0,0,0,0,2,2
50,1121,Chrysler,Chrysler  200C,26,2009,2009,2009,0,,26,0,0,0,0,0,0,4,14,8
50,1122,Chrysler,Chrysler  Sebring,42,2009,2009,2009,0,,42,0,0,0,0,1,0,21,10,10
50,1123,Chrysler,Prowler,63,2002;2011,2002,2011,0,,63,0,0,0,1,9,5,4,27,17
50,1125,Chrysler,Chrysler 200,120,2013;2014;2015,2013,2015,0,,120,0,0,0,0,23,10,25,33,29
50,1126,Chrysler,Chrysler Delta,63,2012,2012,2012,0,,63,0,0,0,0,4,5,11,31,12
50,1127,Chrysler,Chrysler Ypsilon,45,2012,2012,2012,0,,45,0,0,0,0,1,3,10,16,15
50,1128,Chrysler,Chrysler 700C,8,2012,2012,2012,0,,8,0,0,0,0,0,1,5,0,2
50,1129,Chrysler,Chrysler 300C SRT,106,2008;2010;2012,2008,2012,0,,106,0,0,0,0,10,7,8,52,29
50,1131,Chrysler,Chrysler 300C,119,2006;2012;2013;2014,2006,2014,0,,119,0,0,0,0,17,14,32,32,24
50,1132,Chrysler,Grand Voager,90,2007;2012;2013;2014,2007,2014,0,,90,0,0,0,0,13,11,15,30,21
51,1155,Lamorghini,Aventador,119,2011;2012;2013;2015;2016,2011,2016,0,,119,0,0,0,7,17,6,36,34,19
51,1156,Lamorghini,Reventon,54,2008;2010,2008,2010,0,,54,0,0,0,2,8,2,13,18,11
51,1157,Lamorghini,Insecta,10,,,,10,,10,0,0,0,1,1,1,2,3,2
51,1158,Lamorghini,Estoque,23,2009,2009,2009,0,,23,0,0,0,0,3,2,4,8,6
51,1159,Lamorghini,Gallardo,120,2008;2009;2010;2011;2012;2013;2014,2008,2014,0,,120,0,0,0,1,19,11,13,51,25
51,1160,Lamorghini,Urus,39,2012,2012,2012,0,,39,0,0,0,0,1,2,10,14,12
51,1162,Lamorghini,Veneno,120,2013;2014,2013,2014,0,,120,0,0,0,6,14,9,17,38,36
51,1163,Lamorghini,Egoista,20,2013,2013,2013,0,,20,0,0,0,2,2,3,4,6,3
51,1164,Lamorghini,5-95 Zagato,4,2014,2014,2014,0,,4,0,0,0,0,0,1,1,1,1
51,1165,Lamorghini,Huracan,120,2014;2015,2014,2015,0,,120,0,0,0,2,17,8,19,49,25
52,1759,Kombat,Hector,17,2011,2011,2011,0,,17,0,0,0,0,1,1,5,7,3
53,763,Cadillac,Seville SLS,120,2009;2010;2011;2012,2009,2012,0,,120,0,0,0,0,19,14,16,38,33
53,764,Cadillac,Cadillac XTS,120,2011;2013;2014;2015,2011,2015,0,,120,0,0,0,0,19,17,22,37,25
53,765,Cadillac,Cadillac CTS,129,2009;2010;2011;2012;2013;2014,2009,2014,0,,129,0,0,0,0,21,15,21,38,34
53,766,Cadillac,Cadillac ATS-L,120,2014,2014,2014,0,,120,0,0,0,0,20,14,17,39,30
53,767,Cadillac,Cadillac ATS,120,2013;2014;2015;2016,2013,2016,0,,120,0,0,0,0,13,9,23,46,29
53,770,Cadillac,Cadillac SRX,120,2010;2011;2012;2013;2014;2015,2010,2015,0,,120,0,0,0,0,23,11,20,35,31
53,771,Cadillac,Escalade,120,2010;2013;2014;2015,2010,2015,0,,120,0,0,0,0,14,5,18,64,19
53,772,Cadillac,Escalade hybrid,40,2009;2010,2009,2010,0,,40,0,0,0,0,6,4,4,16,10
53,773,Cadillac,Cadillac BLS,34,2008,2008,2008,0,,34,0,0,0,0,0,0,1,22,11
53,776,Cadillac,Cadillac ELR,120,2014,2014,2014,0,,120,0,0,0,0,10,7,27,55,21
53,777,Cadillac,Cadillac Ciel,26,2011;2012,2011,2012,0,,26,0,0,0,0,0,2,8,11,5
53,778,Cadillac,Elmiraj,46,2013,2013,2013,0,,46,0,0,0,1,5,2,6,22,10
54,187,Buck,encore,120,2013;2014;2015,2013,2015,0,,120,0,0,0,1,21,16,24,30,28
54,188,Buck,Buick GL8 Luxury Business,76,2011;2013;2014,2011,2014,0,,76,0,0,0,0,11,9,18,18,20
54,189,Buck,Buick GL8 Business,120,2008;2011;2012;2013;2014,2008,2014,0,,120,0,0,0,9,16,14,23,31,27
54,190,Buck,Regal,152,2009;2010;2011;2012;2013;2014,2009,2014,0,,152,0,0,0,0,25,22,31,35,39
54,191,Buck,Regal GS,105,2011;2012;2013;2014,2011,2014,0,,105,0,0,0,0,13,13,20,31,28
54,192,Buck,Lacrosse,182,2008;2009;2010;2011;2012;2013;2014,2008,2014,0,,182,0,0,0,0,27,24,37,55,39
54,193,Buck,Lacrosse eAssist,6,2011,2011,2011,0,,6,0,0,0,0,1,1,1,1,2
54,194,Buck,Exclle,120,2011;2013,2011,2013,0,,120,0,0,0,0,23,17,23,30,27
54,195,Buck,Park Avenue,118,2007;2009;2010;2011,2007,2011,0,,118,0,0,0,0,20,12,20,36,30
54,196,Buck,EXCELLE  GT,303,2010;2011;2012;2013;2015,2010,2015,0,,303,0,0,0,0,44,41,68,82,68
54,197,Buck,EXCELLE  XT,120,2010;2012;2013;2014,2010,2014,0,,120,0,0,0,0,19,16,27,28,30
54,200,Buck,Buick Riviera,83,1965;2013,1965,2013,0,,83,0,0,0,3,7,13,17,20,23
54,201,Buck,Envision,120,2014;2015,2014,2015,0,,120,0,0,0,1,21,16,16,40,26
54,202,Buck,Enclave,119,2009;2010;2013;2014,2009,2014,0,,119,0,0,0,0,18,16,22,37,26
54,204,Buck,Buick Encore,33,2013;2015,2013,2015,0,,33,0,0,0,0,3,3,6,13,8
54,206,Buck,Buick Business,32,2009,2009,2009,0,,32,0,0,0,1,3,4,9,10,5
54,207,Buck,Buick Verano,17,2013;2015,2013,2015,0,,17,0,0,0,0,1,0,0,14,2
54,208,Buck,Envision abroad version,14,2011,2011,2011,0,,14,0,0,0,0,1,1,6,4,2
55,1588,Lifan,Fengshun,55,2010;2011,2010,2011,0,,55,0,0,0,0,5,7,12,18,13
55,1589,Lifan,Lifan 330,120,2014,2014,2014,0,,120,0,0,0,0,18,14,20,42,26
55,1590,Lifan,Lifan 520,120,2006;2007;2008;2010;2011;2012,2006,2012,0,,120,0,0,0,0,18,14,16,46,26
55,1591,Lifan,Lifan 521i,67,2008;2010;2011;2012,2008,2012,0,,67,0,0,0,0,11,9,12,21,14
55,1592,Lifan,Lifan 530,119,2013;2014,2013,2014,0,,119,0,0,0,0,18,14,21,38,28
55,1593,Lifan,Lifan 620,118,2008;2009;2010;2012,2008,2012,0,,118,0,0,0,0,21,10,23,41,23
55,1594,Lifan,Lifan 630,103,2013;2014,2013,2014,0,,103,0,0,0,0,15,12,21,32,23
55,1595,Lifan,Lifan 720,119,2013;2014,2013,2014,0,,119,0,0,0,0,21,13,24,37,24
55,1596,Lifan,Lifan X50,90,2013;2014;2015,2013,2015,0,,90,0,0,0,1,13,11,17,32,16
55,1597,Lifan,Lifan X60,120,2011;2012;2013,2011,2013,0,,120,0,0,0,0,19,13,19,41,28
55,1598,Lifan,Xingshun,26,2011,2011,2011,0,,26,0,0,0,0,5,3,3,11,4
55,1601,Lifan,Lifan 320,119,2009;2010;2011;2012,2009,2012,0,,119,0,0,0,0,20,12,19,38,30
56,822,Lorinser,Lorinser M Class,22,2010,2010,2010,0,,22,0,0,0,0,4,4,6,4,4
56,823,Lorinser,Lorinser S Class,54,2010;2012,2010,2012,0,,54,0,0,0,0,9,3,6,29,7
56,824,Lorinser,Lorinser C Class,12,2008,2008,2008,0,,12,0,0,0,0,1,0,2,5,4
56,825,Lorinser,Lorinser G Class,63,2011,2011,2011,0,,63,0,0,0,0,7,6,13,25,12
56,826,Lorinser,Lorinser E Class,24,2009,2009,2009,0,,24,0,0,0,0,4,4,6,7,3
57,1606,Rolls-Royce,Ghost,120,2010;2012;2013;2014;2015,2010,2015,0,,120,0,0,0,0,21,14,21,38,26
57,1607,Rolls-Royce,Wraith,145,2013;2014;2015,2013,2015,0,,145,0,0,0,0,16,14,21,58,36
57,1608,Rolls-Royce,Phantom,120,2011;2012;2013;2014;2015,2011,2015,0,,120,0,0,0,1,18,6,23,48,24
58,327,BAW,BAW BJ40,119,2010;2014,2010,2014,0,,119,0,0,0,0,13,10,24,41,31
58,328,BAW,BAW E Series sedan,112,2013,2013,2013,0,,112,0,0,0,0,15,15,20,34,28
58,329,BAW,BAW C60,14,2010;2011,2010,2011,0,,14,0,0,0,0,0,2,2,6,4
58,330,BAW,BAW C71,19,2010;2011,2010,2011,0,,19,0,0,0,0,3,3,3,7,3
58,331,BAW,BAW B61,9,2010;2011,2010,2011,0,,9,0,0,0,0,0,1,2,4,2
58,332,BAW,BAW C30,7,2011,2011,2011,0,,7,0,0,0,0,1,0,5,1,0
58,333,BAW,BAW C90L,9,2012,2012,2012,0,,9,0,0,0,0,2,1,2,2,2
58,334,BAW,BAW C51X,32,2012;2013,2012,2013,0,,32,0,0,0,0,10,2,5,9,6
58,335,BAW,BAW T60,10,2011,2011,2011,0,,10,0,0,0,0,2,1,3,2,2
58,336,BAW,concept500,10,2013,2013,2013,0,,10,0,0,0,0,2,0,4,4,0
58,337,BAW,concept900,11,2013,2013,2013,0,,11,0,0,0,0,3,0,2,5,1
58,338,BAW,BAW B90,10,2010,2010,2010,0,,10,0,0,0,0,2,2,2,4,0
58,339,BAW,BAW C50E,6,2012,2012,2012,0,,6,0,0,0,0,2,0,1,3,0
58,342,BAW,BAW E Series hatchback,178,2012;2013,2012,2013,0,,178,0,0,0,0,25,24,38,49,42
59,355,Baihc,BJ212,49,2012,2012,2012,0,,49,0,0,0,0,8,3,9,18,11
59,356,Baihc,Luba,16,2006;2012,2006,2012,0,,16,0,0,0,0,1,1,3,8,3
59,357,Baihc,Luling,7,2012,2012,2012,0,,7,0,0,0,0,2,0,0,3,2
59,358,Baihc,Qishi,4,2009,2009,2009,0,,4,0,0,0,0,1,0,2,1,0
59,359,Baihc,Ruiling,10,2013,2013,2013,0,,10,0,0,0,0,1,0,2,5,2
59,360,Baihc,Yongshi,46,2008;2009;2014,2008,2014,0,,46,0,0,0,0,6,5,8,15,12
59,361,Baihc,Yusheng 007,66,2011;2013,2011,2013,0,,66,0,0,0,0,10,8,12,18,18
59,362,Baihc,Yueling,20,2012,2012,2012,0,,20,0,0,0,0,2,2,2,10,4
59,363,Baihc,Juedoushi,12,2010,2010,2010,0,,12,0,0,0,0,3,2,2,2,3
60,350,Beiqiweiwang,Weiwang 205,113,2012;2013,2012,2013,0,,113,0,0,0,0,18,15,22,36,22
60,351,Beiqiweiwang,Weiwang 307,85,2014,2014,2014,0,,85,0,0,0,0,10,10,15,28,22
60,352,Beiqiweiwang,Weiwang M20,115,2013;2014,2013,2014,0,,115,0,0,0,0,16,18,26,31,24
60,353,Beiqiweiwang,Weiwang 306,109,2011;2013;2014,2011,2014,0,,109,0,0,0,0,12,15,22,35,25
61,348,Beiqihuansu,Huansu S2,119,2014;2015,2014,2015,0,,119,0,0,0,0,15,13,25,35,31
61,349,Beiqihuansu,Huansu S3,120,2014;2015,2014,2015,0,,120,0,0,0,0,15,8,32,42,23
62,354,Beiqi New Energy,BAW E150 EV,103,2012;2013;2014;2015,2012,2015,0,,103,0,0,0,0,15,14,17,31,26
63,1465,Huapu,Haijing,31,2009;2010,2009,2010,0,,31,0,0,0,0,4,3,4,13,7
63,1469,Huapu,Haiyue,1,2009,2009,2009,0,,1,0,0,0,0,0,0,0,1,0
64,1451,Huatai,Baolige,120,2012;2013;2014,2012,2014,0,,120,0,0,0,1,22,16,21,36,24
64,1452,Huatai,Lusheng E70,119,2010;2011;2013,2010,2013,0,,119,0,0,0,0,22,12,18,42,25
64,1453,Huatai,Shengdafei,120,2008;2009;2010;2011;2012;2013,2008,2013,0,,120,0,0,0,0,22,16,19,40,23
64,1454,Huatai,Tekala,112,2004;2005;2008;2009;2010;2012,2004,2012,0,,112,0,0,0,0,17,10,20,43,22
64,1455,Huatai,Xinshengdafei,64,2014;2015,2014,2015,0,,64,0,0,0,0,10,7,11,21,15
64,1457,Huatai,Huatai B11,118,2011;2012,2011,2012,0,,118,0,0,0,0,15,10,21,47,25
65,1316,Huaqi,HORKI-1,16,2013,2013,2013,0,,16,0,0,0,0,3,1,2,7,3
66,1994,Carlsson,Carlsson C,7,2012,2012,2012,0,,7,0,0,0,0,1,0,2,2,2
66,1995,Carlsson,CarlssonCS,3,2012,2012,2012,0,,3,0,0,0,0,0,0,0,2,1
66,1996,Carlsson,CarlssonCK,5,2013,2013,2013,0,,5,0,0,0,0,0,0,0,4,1
66,1997,Carlsson,CarlssonCML,1,2013,2013,2013,0,,1,0,0,0,0,0,0,0,1,0
66,1998,Carlsson,CarlssonCGL,4,2012,2012,2012,0,,4,0,0,0,0,0,0,0,3,1
67,1698,Shuanghuan,Shuanghuan SCEO,112,2005;2006;2009;2010;2011,2005,2011,0,,112,0,0,0,0,18,8,21,44,21
67,1699,Shuanghuan,Nobel,94,2009;2010,2009,2010,0,,94,0,0,0,1,17,6,14,40,16
68,933,Shuanglong,Actyon,115,2008;2010;2011;2013;2014,2008,2014,0,,115,0,0,0,0,16,15,25,36,23
68,934,Shuanglong,Rexton,105,2004;2006;2011;2013;2014,2004,2014,0,,105,0,0,0,1,14,11,16,34,29
68,935,Shuanglong,Rexton W,145,2013;2014;2015,2013,2015,0,,145,0,0,0,0,21,17,27,46,34
68,936,Shuanglong,Rodius,120,2007;2008;2013;2014,2007,2014,0,,120,0,0,0,0,16,14,23,42,25
68,937,Shuanglong,Kyron,120,2006;2007;2010;2011,2006,2011,0,,120,0,0,0,0,15,11,22,42,30
68,938,Shuanglong,Chairman,103,2002;2004;2011;2012,2002,2012,0,,103,0,0,0,0,17,11,19,35,21
68,939,Shuanglong,Ssang Yong XIV-2,29,2012;2014,2012,2014,0,,29,0,0,0,0,1,2,9,11,6
68,940,Shuanglong,Ssang Yong e-XIV,17,2012,2012,2012,0,,17,0,0,0,0,1,1,4,5,6
68,941,Shuanglong,Ssang Yong SIV-1,26,2013,2013,2013,0,,26,0,0,0,0,3,2,6,7,8
68,942,Shuanglong,Ssang Yong XIV-1,13,2011,2011,2011,0,,13,0,0,0,0,0,0,5,5,3
68,943,Shuanglong,Ssang Yong XIV,45,2014;2015,2014,2015,0,,45,0,0,0,6,3,2,11,13,10
68,944,Shuanglong,Korando,120,2011;2013;2014;2015,2011,2015,0,,120,0,0,0,0,19,14,25,34,28
69,1472,Geely,Geely GC7,118,2012;2013,2012,2013,0,,118,0,0,0,0,20,14,15,44,25
69,1473,Geely,Geely GX2,111,2010;2011;2012,2010,2012,0,,111,0,0,0,0,13,12,20,39,27
69,1474,Geely,Geely GX7,119,2012;2013;2014;2015,2012,2015,0,,119,0,0,0,0,11,16,29,39,24
69,1475,Geely,Geely SC3,125,2012;2014,2012,2014,0,,125,0,0,0,0,19,15,23,41,27
69,1476,Geely,Geely SC5-RV,96,2010;2011,2010,2011,0,,96,0,0,0,0,13,9,14,34,26
69,1477,Geely,Geely SC6,38,2012,2012,2012,0,,38,0,0,0,0,5,5,10,10,8
69,1478,Geely,Geely SC7,53,2010;2011;2012;2014,2010,2014,0,,53,0,0,0,0,7,6,8,20,12
69,1479,Geely,Geely SX7,112,2013;2014,2013,2014,0,,112,0,0,0,0,15,13,24,33,27
69,1480,Geely,Geely TX4,120,2009;2012,2009,2012,0,,120,0,0,0,0,17,11,17,56,19
69,1481,Geely,King Kong CROSS,61,2011;2014,2011,2014,0,,61,0,0,0,0,7,4,12,25,13
69,1482,Geely,King Kong hatchback,20,2011;2014,2011,2014,0,,20,0,0,0,0,2,1,4,7,6
69,1483,Geely,King Kong sedan,106,2007;2009;2010;2011;2013;2014,2007,2014,0,,106,0,0,0,0,21,11,17,37,20
69,1484,Geely,Jinying,78,2008;2010,2008,2010,0,,78,0,0,0,0,10,6,9,37,16
69,1485,Geely,Jinying CROSS,11,2010;2011,2010,2011,0,,11,0,0,0,0,2,1,2,4,2
69,1486,Geely,Classic Imperial hatchback,138,2009;2010;2011;2012;2013,2009,2013,0,,138,0,0,0,0,22,14,21,50,31
69,1487,Geely,Classic Imperial sedan,101,2009;2010;2012;2013,2009,2013,0,,101,0,0,0,0,16,12,18,31,24
69,1488,Geely,Imperial hatchback,60,2013;2014,2013,2014,0,,60,0,0,0,0,7,7,8,19,19
69,1489,Geely,Imperial sedan,31,2013;2014,2013,2014,0,,31,0,0,0,0,5,4,4,12,6
69,1490,Geely,Panda,120,2009;2010;2011;2013;2014,2009,2014,0,,120,0,0,0,0,23,16,19,38,24
69,1491,Geely,Panda CROSS,45,2011;2014,2011,2014,0,,45,0,0,0,0,7,3,7,20,8
69,1492,Geely,Vision,120,2006;2009;2010;2011;2013;2014;2015,2006,2015,0,,120,0,0,0,0,16,11,15,55,23
69,1493,Geely,Chinese Dragon,23,2009,2009,2009,0,,23,0,0,0,0,4,3,4,7,5
69,1494,Geely,Ziyoujian,119,2006;2010;2011;2012;2015,2006,2015,0,,119,0,0,0,0,21,10,13,51,24
69,1495,Geely,Geely EV8,23,2009,2009,2009,0,,23,0,0,0,0,4,4,4,7,4
69,1496,Geely,Geely EX9,10,2010,2010,2010,0,,10,0,0,0,0,2,2,2,2,2
69,1497,Geely,Geely GT,14,2010,2010,2010,0,,14,0,0,0,0,3,3,2,3,3
69,1498,Geely,Geely GE,17,2009;2010,2009,2010,0,,17,0,0,0,0,5,1,3,5,3
69,1499,Geely,Geely EK-2,2,,,,2,,2,0,0,0,0,2,0,0,0,0
69,1500,Geely,Geely IG,4,2010,2010,2010,0,,4,0,0,0,0,0,0,1,2,1
69,1501,Geely,Geely EC6-RV,15,2011,2011,2011,0,,15,0,0,0,0,3,2,2,3,5
69,1502,Geely,Geely SC7-RV,12,2011;2012,2011,2012,0,,12,0,0,0,0,2,2,2,3,3
69,1505,Geely,Geely KC,8,2013,2013,2013,0,,8,0,0,0,0,0,1,3,2,2
69,1506,Geely,Geely GX6,14,2011,2011,2011,0,,14,0,0,0,0,2,2,2,5,3
69,1507,Geely,Geely GC9,52,2014;2015,2014,2015,0,,52,0,0,0,0,9,7,10,13,13
69,1508,Geely,Geely Cross,18,2014,2014,2014,0,,18,0,0,0,0,3,1,4,5,5
69,1509,Geely,Geely EC8,116,2010;2011;2013;2015,2010,2015,0,,116,0,0,0,0,15,11,19,47,24
69,1510,Geely,Geely GX5,18,2011;2012,2011,2012,0,,18,0,0,0,0,3,2,2,7,4
69,1512,Geely,Geely EV7,12,2010,2010,2010,0,,12,0,0,0,0,2,2,2,4,2
69,1513,Geely,Geely GS,12,2011,2011,2011,0,,12,0,0,0,0,5,1,0,5,1
69,1514,Geely,Geely SX6,11,2010;2011,2010,2011,0,,11,0,0,0,0,3,1,3,3,1
70,1857,Venucia,Chenfeng,112,2013;2014,2013,2014,0,,112,0,0,0,4,19,12,22,34,21
70,1858,Venucia,Venucia R30,120,2014,2014,2014,0,,120,0,0,0,1,23,13,21,37,25
70,1859,Venucia,Venucia R50,119,2012;2013;2014,2012,2014,0,,119,0,0,0,0,19,15,21,35,29
70,1860,Venucia,Venucia R50X,120,2013;2014,2013,2014,0,,120,0,0,0,0,19,16,22,37,26
70,1862,Venucia,Venucia ViWa,32,2013,2013,2013,0,,32,0,0,0,0,6,0,13,12,1
70,1863,Venucia,Venucia D50,120,2012;2013;2014,2012,2014,0,,120,0,0,0,0,21,15,17,39,28
71,688,Haval,Haval H3,140,2007;2008;2009;2010;2012,2007,2012,0,,140,0,0,0,0,27,14,22,49,28
71,689,Haval,Haval H5,131,2010;2011;2012;2013,2010,2013,0,,131,0,0,0,0,20,13,20,49,29
71,690,Haval,Haval H6,120,2011;2012;2013;2014;2015,2011,2015,0,,120,0,0,0,0,21,17,18,34,30
71,691,Haval,Haval H8,143,2012;2013;2014,2012,2014,0,,143,0,0,0,0,27,17,25,45,29
71,693,Haval,Haval π,1,2012,2012,2012,0,,1,0,0,0,0,0,0,0,1,0
71,694,Haval,Haval IF,21,2011;2012,2011,2012,0,,21,0,0,0,0,2,4,4,6,5
71,695,Haval,Haval H7,19,2013,2013,2013,0,,19,0,0,0,0,5,2,6,4,2
71,696,Haval,Haval E,12,2012;2013,2012,2013,0,,12,0,0,0,0,4,0,2,4,2
71,699,Haval,Haval H2,119,2012;2014,2012,2014,0,,119,0,0,0,0,20,15,21,38,25
72,708,Hafei,Junyi,20,2011;2012,2011,2012,0,,20,0,0,0,0,2,3,5,5,5
72,709,Hafei,Zunludabawang,32,2008;2010;2011,2008,2011,0,,32,0,0,0,0,4,4,6,11,7
72,710,Hafei,Zunluxiaobawang,33,2009;2010;2011,2009,2011,0,,33,0,0,0,0,6,3,6,13,5
72,711,Hafei,Minyi,59,2008;2009;2010;2012,2008,2012,0,,59,0,0,0,0,10,9,9,16,15
72,712,Hafei,Saima,55,2004;2007;2009,2004,2009,0,,55,0,0,0,0,8,5,6,23,13
72,714,Hafei,Zhongyi V5,45,2009;2013,2009,2013,0,,45,0,0,0,0,7,6,9,13,10
72,716,Hafei,Lubao,68,2004;2008;2009;2010;2011,2004,2011,0,,68,0,0,0,0,12,7,8,31,10
73,434,Volkswagen,Cross Polo,111,2008;2012;2014,2008,2014,0,,111,0,0,0,0,15,14,21,33,28
73,435,Volkswagen,Polo hatchback,125,2009;2011;2013;2014,2009,2014,0,,125,0,0,0,0,20,17,18,32,38
73,436,Volkswagen,Polo sedan,32,2009;2011;2013,2009,2013,0,,32,0,0,0,0,4,2,6,13,7
73,437,Volkswagen,GOL,40,2004;2012;2013,2004,2013,0,,40,0,0,0,1,4,2,8,15,10
73,438,Volkswagen,Cross Lavida,120,2014,2014,2014,0,,120,0,0,0,1,17,12,23,36,31
73,439,Volkswagen,Gran Lavida,119,2013;2014;2015,2013,2015,0,,119,0,0,0,0,20,18,15,37,29
73,440,Volkswagen,Lavide,120,2008;2011;2013;2014;2015,2008,2015,0,,120,0,0,0,0,22,16,17,35,30
73,441,Volkswagen,Passat,120,2011;2013;2014;2015,2011,2015,0,,120,0,0,0,0,18,15,24,39,24
73,442,Volkswagen,Passat Lingyu,115,2005;2007;2009;2012,2005,2012,0,,115,0,0,0,0,22,16,19,35,23
73,443,Volkswagen,Santana,117,2013;2015,2013,2015,0,,117,0,0,0,4,23,9,15,41,25
73,444,Volkswagen,Santana Vista,76,2004;2006;2008;2010,2004,2010,0,,76,0,0,0,1,14,8,10,30,13
73,445,Volkswagen,Touran,120,2008;2011;2013;2015,2008,2015,0,,120,0,0,0,0,15,17,21,39,28
73,446,Volkswagen,Tiguan,120,2012;2013;2015,2012,2015,0,,120,0,0,0,0,18,15,24,36,27
73,449,Volkswagen,NMC,86,2014;2015,2014,2015,0,,86,0,0,0,0,10,9,24,24,19
73,450,Volkswagen,Polo GTI,45,2012,2012,2012,0,,45,0,0,0,0,5,6,9,12,13
73,451,Volkswagen,Cross Golf,49,2011,2011,2011,0,,49,0,0,0,0,8,6,7,16,12
73,453,Volkswagen,Volkswagen Eos,120,2008;2010;2011;2014;2015,2008,2015,0,,120,0,0,0,3,13,12,17,41,34
73,454,Volkswagen,Volkswagen R36,52,2008;2009,2008,2009,0,,52,0,0,0,0,7,5,8,18,14
73,455,Volkswagen,Golf GTI convertible,34,2013,2013,2013,0,,34,0,0,0,0,1,2,12,9,10
73,456,Volkswagen,Golf R,132,2010;2011;2014;2015,2010,2015,0,,132,0,0,0,0,14,12,23,43,40
73,457,Volkswagen,Golf R convertible,4,2014,2014,2014,0,,4,0,0,0,0,0,1,0,2,1
73,458,Volkswagen,Golf convertible,58,2012,2012,2012,0,,58,0,0,0,0,6,6,12,19,15
73,459,Volkswagen,Golf estate,55,2011;2013;2014,2011,2014,0,,55,0,0,0,0,5,6,12,17,15
73,460,Volkswagen,Phaeton,119,2009;2011;2012;2013;2014,2009,2014,0,,119,0,0,0,0,20,15,17,33,34
73,461,Volkswagen,Beetle,120,2010;2012;2013;2014;2015,2010,2015,0,,120,0,0,0,0,22,19,14,34,31
73,462,Volkswagen,Caravelle,106,2014,2014,2014,0,,106,0,0,0,0,15,15,18,36,22
73,463,Volkswagen,Multivan,120,2006;2008;2012;2014;2015,2006,2015,0,,120,0,0,0,0,18,14,17,43,28
73,464,Volkswagen,Magotan estate,119,2011;2012;2014,2011,2014,0,,119,0,0,0,0,16,16,19,36,32
73,465,Volkswagen,Scirocco,133,2009;2010;2011;2013;2015,2009,2015,0,,133,0,0,0,0,21,14,21,51,26
73,466,Volkswagen,Scirocco R,98,2011;2014,2011,2014,0,,98,0,0,0,0,11,10,19,32,26
73,467,Volkswagen,Touareg,130,2009;2010;2011;2012;2013;2014;2015,2009,2015,0,,130,0,0,0,0,20,10,19,54,27
73,468,Volkswagen,Touareg hybrid,67,2011,2011,2011,0,,67,0,0,0,0,5,3,11,38,10
73,469,Volkswagen,Sharan,120,2012;2013;2014;2015,2012,2015,0,,120,0,0,0,0,18,13,17,40,32
73,470,Volkswagen,Polo abroad version,99,2009;2011;2013;2014;2015,2009,2015,0,,99,0,0,0,0,4,5,20,45,25
73,471,Volkswagen,BlueSport,40,2009,2009,2009,0,,40,0,0,0,2,0,2,3,24,9
73,472,Volkswagen,Beetle convertible,48,2009;2010;2015,2009,2015,0,,48,0,0,0,0,4,5,10,16,13
73,473,Volkswagen,Variant,37,2010;2011,2010,2011,0,,37,0,0,0,0,5,4,5,13,10
73,474,Volkswagen,Amarok Pickup,120,2011;2013;2014,2011,2014,0,,120,0,0,0,2,7,6,15,55,35
73,475,Volkswagen,Cross Coupe,84,2012;2015,2012,2015,0,,84,0,0,0,1,6,4,13,37,23
73,476,Volkswagen,E-Bugster,11,2012,2012,2012,0,,11,0,0,0,0,1,0,1,4,5
73,477,Volkswagen,Passat abroad version,120,2013;2014;2015;2016,2013,2016,0,,120,0,0,0,0,5,6,28,49,32
73,478,Volkswagen,CrossBlue,77,2013,2013,2013,0,,77,0,0,0,0,5,4,10,32,26
73,479,Volkswagen,Volkswagen XL1,120,2009;2011;2014,2009,2014,0,,120,0,0,0,3,11,5,35,46,20
73,481,Volkswagen,Bulli,16,2011,2011,2011,0,,16,0,0,0,0,0,0,2,6,8
73,482,Volkswagen,Buggy Up,19,2011,2011,2011,0,,19,0,0,0,0,1,1,3,7,7
73,483,Volkswagen,Jetta abroad version,120,2012;2013;2014;2015,2012,2015,0,,120,0,0,0,0,10,7,25,57,21
73,484,Volkswagen,New Compact,15,2010,2010,2010,0,,15,0,0,0,0,0,0,4,7,4
73,485,Volkswagen,Routan,25,2009,2009,2009,0,,25,0,0,0,0,2,2,2,9,10
73,486,Volkswagen,Taigun,14,2013;2014,2013,2014,0,,14,0,0,0,0,2,0,2,7,3
73,487,Volkswagen,Volkswagen  Up!Lite,16,2009,2009,2009,0,,16,0,0,0,0,0,2,8,3,3
73,490,Volkswagen,T-ROC,56,2014,2014,2014,0,,56,0,0,0,1,6,3,16,18,12
73,491,Volkswagen,Tiguan abroad version,119,2009;2011;2012;2013;2014,2009,2014,0,,119,0,0,0,0,27,17,18,33,24
73,492,Volkswagen,e-Co-Motion,20,2013,2013,2013,0,,20,0,0,0,0,2,2,1,11,4
73,493,Volkswagen,Milano,11,2010,2010,2010,0,,11,0,0,0,0,0,0,2,6,3
73,494,Volkswagen,Nils,20,2011,2011,2011,0,,20,0,0,0,0,1,1,6,8,4
73,495,Volkswagen,Space Up,24,2007,2007,2007,0,,24,0,0,0,0,1,1,1,12,9
73,496,Volkswagen,Volkswagen up,120,2009;2013;2014;2015,2009,2015,0,,120,0,0,0,1,9,9,21,44,36
73,497,Volkswagen,Volkswagen Fox,114,2004;2015,2004,2015,0,,114,0,0,0,1,9,2,25,53,24
73,498,Volkswagen,Caddy abroad version,73,2011;2013;2016,2011,2016,0,,73,0,0,0,0,5,4,5,41,18
73,500,Volkswagen,Bora,147,2008;2011;2012;2013;2014,2008,2014,0,,147,0,0,0,0,28,20,23,49,27
73,501,Volkswagen,Golf,175,2010;2011;2012;2013;2014,2010,2014,0,,175,0,0,0,0,19,20,38,54,44
73,502,Volkswagen,Golf GTI,146,2009;2010;2012;2013;2015,2009,2015,0,,146,0,0,0,0,23,13,24,50,36
73,503,Volkswagen,Jetta,118,2009;2010;2011;2012;2013;2015,2009,2015,0,,118,0,0,0,0,21,12,20,37,28
73,504,Volkswagen,Magotan,119,2009;2011;2012;2013;2015,2009,2015,0,,119,0,0,0,0,28,17,17,30,27
73,505,Volkswagen,Sagitar,125,2010;2011;2012;2013;2014,2010,2014,0,,125,0,0,0,0,27,23,16,31,28
73,506,Volkswagen,Sagitar GLI,86,2013,2013,2013,0,,86,0,0,0,0,12,11,17,26,20
73,508,Volkswagen,Volkswagen CC,164,2009;2010;2011;2012;2013,2009,2013,0,,164,0,0,0,0,26,12,32,64,30
74,1296,Daihatsu,Xenia,50,2007;2008,2007,2008,0,,50,0,0,0,0,7,4,6,24,9
74,1297,Daihatsu,Copen,21,2007,2007,2007,0,,21,0,0,0,1,0,0,4,11,5
74,1298,Daihatsu,Mira,12,2009,2009,2009,0,,12,0,0,0,0,3,0,1,5,3
74,1299,Daihatsu,PICO,27,2011,2011,2011,0,,27,0,0,0,0,4,0,7,8,8
74,1300,Daihatsu,Kopen,19,2014,2014,2014,0,,19,0,0,0,0,1,0,3,13,2
74,1301,Daihatsu,MATERIA,26,2008,2008,2008,0,,26,0,0,0,0,1,1,8,10,6
75,1651,Chrey,Eastar,118,2004;2005;2006;2007;2012,2004,2012,0,,118,0,0,0,0,16,16,17,42,27
75,1652,Chrey,Eastar Cross,87,2006;2007;2008;2009,2006,2009,0,,87,0,0,0,0,16,8,10,35,18
75,1653,Chrey,Fulwin 2 hatchback,123,2009;2010;2012;2013,2009,2013,0,,123,0,0,0,0,19,16,23,34,31
75,1654,Chrey,Fulwin 2 sedan,68,2009;2010;2012;2013,2009,2013,0,,68,0,0,0,0,17,6,11,20,14
75,1655,Chrey,Chrey A1,119,2007;2009;2011,2007,2011,0,,119,0,0,0,0,19,15,21,35,29
75,1656,Chrey,Chrey A3 hatchback,88,2008;2009;2010;2011,2008,2011,0,,88,0,0,0,0,19,13,12,26,18
75,1657,Chrey,Chrey A3 sedan,102,2008;2010;2011;2012,2008,2012,0,,102,0,0,0,0,18,15,15,29,25
75,1658,Chrey,Chrey A5,78,2006;2007;2009;2010,2006,2010,0,,78,0,0,0,0,13,12,10,30,13
75,1659,Chrey,Chrey E3,114,2013;2015,2013,2015,0,,114,0,0,0,0,21,6,24,36,27
75,1660,Chrey,Chrey E5,117,2011;2012;2014,2011,2014,0,,117,0,0,0,1,22,14,22,35,23
75,1661,Chrey,Chrey QQ,120,2013,2013,2013,0,,120,0,0,0,3,24,14,18,30,31
75,1662,Chrey,Chrey QQ3,118,2009;2010;2011;2012,2009,2012,0,,118,0,0,0,0,19,10,11,54,24
75,1664,Chrey,Chrey QQme,70,2009;2010,2009,2010,0,,70,0,0,0,0,10,8,14,21,17
75,1665,Chrey,Chrey X1,118,2010;2011;2012,2010,2012,0,,118,0,0,0,0,17,14,18,42,27
75,1666,Chrey,Chrey Aika,12,2013,2013,2013,0,,12,0,0,0,0,3,0,3,6,0
75,1667,Chrey,Cowin 1,131,2010;2011;2012,2010,2012,0,,131,0,0,0,0,18,12,25,49,27
75,1668,Chrey,Cowin 2,115,2010;2012;2013;2014,2010,2014,0,,115,0,0,0,0,21,11,20,32,31
75,1669,Chrey,Cowin 3,110,2010,2010,2010,0,,110,0,0,0,0,15,12,16,40,27
75,1670,Chrey,Cowin 5,118,2012,2012,2012,0,,118,0,0,0,0,16,15,22,37,28
75,1671,Chrey,Tiggo,113,2009;2010;2011;2012;2013,2009,2013,0,,113,0,0,0,0,22,9,15,43,24
75,1672,Chrey,Tiggo 3,119,2014,2014,2014,0,,118,0,0,1,0,21,15,21,41,20
75,1673,Chrey,Tiggo 5,119,2014;2015,2014,2015,0,,119,0,0,0,0,20,11,29,34,25
75,1674,Chrey,Chrey M14,5,2009,2009,2009,0,,5,0,0,0,0,1,0,0,3,1
75,1678,Chrey,Chrey @ANT,25,2012;2013,2012,2013,0,,25,0,0,0,0,2,3,6,7,7
75,1679,Chrey,Chrey TX,14,2012,2012,2012,0,,14,0,0,0,0,4,2,2,4,2
75,1683,Chrey,Arrizo 7,119,2013;2014,2013,2014,0,,119,0,0,0,0,21,11,17,36,34
76,364,Besturn,Besturn B50,120,2009;2011;2012;2013,2009,2013,0,,120,0,0,0,0,27,19,19,30,25
76,365,Besturn,Besturn B90,120,2011;2012;2014,2011,2014,0,,120,0,0,0,0,17,15,19,38,31
76,366,Besturn,Besturn X80,120,2013;2015,2013,2015,0,,120,0,0,0,0,19,11,24,37,29
76,367,Besturn,Besturn B70,149,2009;2010;2011;2012;2014,2009,2014,0,,149,0,0,0,0,27,23,25,42,32
77,124,Benz,Benz C Class,136,2011;2013;2014;2015,2011,2015,0,,136,0,0,0,0,21,16,25,46,28
77,125,Benz,Benz C Class hybird,19,2013;2014;2015,2013,2015,0,,19,0,0,0,0,3,1,4,9,2
77,126,Benz,Benz GLK Class,166,2008;2010;2011;2012;2013;2014,2008,2014,0,,166,0,0,0,1,27,19,29,50,40
77,127,Benz,Benz E Class,272,2009;2010;2011;2012;2013;2014;2015,2009,2015,30,,272,0,0,0,0,48,33,51,84,56
77,128,Benz,Benz A Class AMG,103,2014,2014,2014,0,,103,0,0,0,0,13,15,15,34,26
77,129,Benz,Benz CLS Class AMG,120,2009;2012;2014;2015,2009,2015,0,,120,0,0,0,5,13,14,24,39,25
77,130,Benz,Benz C Class AMG,120,2009;2010;2012;2014;2015,2009,2015,0,,120,0,0,0,0,19,15,16,45,25
77,131,Benz,Benz GL Class AMG,112,2013;2014,2013,2014,0,,112,0,0,0,0,14,12,16,54,16
77,132,Benz,Benz G Class AMG,120,2009;2010;2013;2014,2009,2014,0,,120,0,0,0,0,17,11,16,58,18
77,133,Benz,Benz M Class AMG,120,2007;2011;2012;2014;2015,2007,2015,0,,120,0,0,0,0,21,13,19,40,27
77,134,Benz,Benz SLK Class AMG,117,2009;2010;2012;2014,2009,2014,0,,117,0,0,0,2,15,11,24,42,23
77,135,Benz,Benz SLS Class AMG,120,2011;2012;2013;2014,2011,2014,0,,120,0,0,0,9,14,5,23,55,14
77,136,Benz,Benz SL Class AMG,120,2009;2013;2014,2009,2014,0,,120,0,0,0,0,15,9,23,43,30
77,137,Benz,Benz S Class AMG,120,2010;2013;2014;2015,2010,2015,0,,120,0,0,0,0,13,11,25,46,25
77,138,Benz,Benz E Class AMG,120,2012;2014,2012,2014,0,,120,0,0,0,2,6,7,19,55,31
77,139,Benz,Benz CL Class AMG,77,2011;2013,2011,2013,0,,77,0,0,0,1,7,5,6,44,14
77,140,Benz,Benz GLA Class AMG,130,2014;2015,2014,2015,0,,130,0,0,0,0,10,10,22,52,36
77,141,Benz,Benz Vision AMG,14,2014,2014,2014,0,,14,0,0,0,1,1,2,2,6,2
77,142,Benz,AMG GT,119,2015;2016,2015,2016,0,,119,0,0,0,0,14,15,30,42,18
77,143,Benz,Benz CLA Class AMG,120,2013;2014;2015,2013,2015,0,,120,0,0,0,1,9,11,19,49,31
77,144,Benz,Sprinter,118,2010;2012;2013;2014,2010,2014,0,,118,0,0,0,0,16,13,22,36,31
77,145,Benz,Wei Yanuo,120,2010;2011;2012;2013;2014,2010,2014,0,,120,0,0,0,0,18,14,24,40,24
77,146,Benz,Wei Ting,119,2010;2011;2013;2014,2010,2014,0,,119,0,0,0,0,14,11,15,54,25
77,147,Benz,Benz A Class,119,2011;2013;2015,2011,2015,0,,119,0,0,0,0,19,11,17,46,26
77,148,Benz,Benz CLA Class,120,2013;2014;2015,2013,2015,0,,120,0,0,0,0,12,7,24,57,20
77,149,Benz,Benz CLS Class,120,2012;2013;2014;2015,2012,2015,0,,120,0,0,0,0,14,11,32,39,24
77,150,Benz,Benz CLS Class Shooting Brake,37,2013,2013,2013,0,,37,0,0,0,0,4,5,9,10,9
77,152,Benz,Benz C Class estate,128,2010;2011;2014,2010,2014,0,,128,0,0,0,0,15,11,28,45,29
77,153,Benz,Benz E Class convertible,133,2010;2011;2012;2013;2014,2010,2014,0,,133,0,0,0,0,11,12,24,57,29
77,154,Benz,Benz E Class couple,200,2009;2010;2011;2012;2014,2009,2014,0,,200,0,0,0,0,26,27,29,61,57
77,156,Benz,Benz GL Class,120,2011;2012;2013;2014,2011,2014,0,,120,0,0,0,0,15,15,18,42,30
77,157,Benz,Benz G Class,119,2010;2013;2014;2015,2010,2015,0,,119,0,0,0,1,23,11,18,45,21
77,158,Benz,Benz M Class,120,2010;2012;2013;2014,2010,2014,0,,120,0,0,0,0,25,13,18,39,25
77,159,Benz,Benz R Class,119,2006;2010;2011;2014,2006,2014,0,,119,0,0,0,0,16,12,22,36,33
77,160,Benz,Benz SLK Class,120,2009;2010;2011;2012;2015,2009,2015,0,,120,0,0,0,1,17,16,23,35,28
77,161,Benz,Benz SL Class,120,2010;2011;2013;2015,2010,2015,0,,120,0,0,0,0,11,10,26,51,22
77,162,Benz,Benz S Class,120,2010;2011;2012;2014;2015,2010,2015,0,,120,0,0,0,0,18,15,24,35,28
77,163,Benz,Benz S Class hybird,79,2009;2010;2014,2009,2014,0,,79,0,0,0,0,8,10,20,24,17
77,164,Benz,Sprinter abroad version,64,2009;2011;2013;2014;2015,2009,2015,0,,64,0,0,0,0,9,5,10,30,10
77,167,Benz,Style Coupe,5,2012,2012,2012,0,,5,0,0,0,0,1,0,1,2,1
77,168,Benz,BlueZero,12,2009,2009,2009,0,,12,0,0,0,0,0,0,3,6,3
77,169,Benz,Benz Citan,30,2013,2013,2013,0,,30,0,0,0,0,3,3,0,20,4
77,170,Benz,Benz F800,76,2010,2010,2010,0,,76,0,0,0,9,8,6,24,23,6
77,174,Benz,Benz F125,30,2011;2013,2011,2013,0,,30,0,0,0,0,2,0,7,18,3
77,175,Benz,Benz GLA Class,167,2013;2014;2015,2013,2015,0,,167,0,0,0,1,24,17,33,56,36
77,176,Benz,Benz E Class estate,7,2013,2013,2013,0,,7,0,0,0,0,1,0,1,4,1
77,178,Benz,Biome,15,2010,2010,2010,0,,15,0,0,0,0,5,0,4,5,1
77,179,Benz,Silver Arrow,19,2011,2011,2011,0,,19,0,0,0,2,8,1,3,4,1
77,180,Benz,Benz S Class coupe,30,2014,2014,2014,0,,30,0,0,0,0,1,1,9,13,6
77,181,Benz,Coupe SUV,78,2014,2014,2014,0,,78,0,0,0,0,12,7,22,19,18
77,182,Benz,Benz B Class,120,2012;2013;2015,2012,2015,0,,120,0,0,0,0,19,9,34,37,21
77,183,Benz,Ener-G-Force,49,2012,2012,2012,0,,49,0,0,0,2,3,2,12,21,9
77,184,Benz,Benz V Class,94,2014;2015,2014,2015,0,,94,0,0,0,3,9,5,16,41,20
77,185,Benz,Unimog,47,2000;2010;2011;2012,2000,2012,0,,47,0,0,0,0,6,6,8,16,11
78,1,Audi,Audi A3 hatchback,140,2010;2012;2013;2014,2010,2014,0,,140,0,0,0,0,18,21,28,39,34
78,2,Audi,Audi A4L,166,2009;2010;2011;2012;2013;2015,2009,2015,0,,166,0,0,0,0,29,26,34,42,35
78,3,Audi,Audi A6L,135,2009;2010;2011;2012;2014,2009,2014,0,,135,0,0,0,0,21,19,22,42,31
78,4,Audi,Audi Q3,120,2012;2013;2015,2012,2015,0,,120,0,0,0,0,16,18,20,37,29
78,5,Audi,Audi Q5,153,2010;2011;2012;2013,2010,2013,0,,153,0,0,0,0,22,17,29,48,37
78,9,Audi,Audi A6,120,2004;2012;2013;2014;2015,2004,2015,0,,120,0,0,0,1,15,7,16,52,29
78,11,Audi,Audi A3 sedan,68,2014,2014,2014,0,,68,0,0,0,0,9,8,14,19,18
78,12,Audi,Audi RS5,120,2012;2013;2014;2015,2012,2015,0,,120,0,0,0,1,19,10,20,40,30
78,13,Audi,Audi RS7,120,2014;2015,2014,2015,0,,120,0,0,0,3,14,7,23,36,37
78,14,Audi,Audi RS4,118,2006;2013;2014,2006,2014,0,,118,0,0,0,1,10,9,15,51,32
78,15,Audi,Audi RS Q3,120,2012;2014;2015,2012,2015,0,,120,0,0,0,0,8,5,15,46,46
78,16,Audi,Audi RS3,76,2012;2015;2016,2012,2016,0,,76,0,0,0,0,9,4,5,30,28
78,17,Audi,Audi TT RS,120,2009;2010;2012;2013,2009,2013,0,,120,0,0,0,1,18,8,15,45,33
78,18,Audi,Audi RS6,120,2002;2009;2013;2015,2002,2015,0,,120,0,0,0,0,13,7,10,56,34
78,19,Audi,Audi A1,120,2012;2013;2014;2015,2012,2015,0,,120,0,0,0,0,14,15,24,41,26
78,21,Audi,Audi A4 estate,38,2013;2014,2013,2014,0,,38,0,0,0,0,4,4,8,15,7
78,22,Audi,Audi A5 convertible,154,2010;2012;2013;2014,2010,2014,0,,154,0,0,0,1,17,16,27,49,44
78,23,Audi,Audi A5 coupe,197,2008;2009;2010;2012;2013;2014,2008,2014,0,,197,0,0,0,1,29,27,34,57,49
78,24,Audi,Audi A5 hatchback,229,2009;2010;2011;2012;2013;2014,2009,2014,0,,229,0,0,0,1,27,25,43,71,62
78,25,Audi,Audi A6 hybrid,24,2013,2013,2013,0,,24,0,0,0,0,3,3,6,6,6
78,26,Audi,Audi A7,119,2009;2012;2013;2014;2015,2009,2015,0,,119,0,0,0,3,13,14,22,40,27
78,27,Audi,Audi A8L,179,2009;2010;2011;2012;2013;2014;2015,2009,2015,0,,179,0,0,0,0,21,18,38,47,55
78,28,Audi,Audi A8L hybrid,14,2013,2013,2013,0,,14,0,0,0,0,1,1,4,4,4
78,31,Audi,Audi Q5 hybrid,35,2012;2013;2014,2012,2014,0,,35,0,0,0,0,5,5,6,9,10
78,32,Audi,Audi Q7,145,2010;2011;2012;2013;2014,2010,2014,0,,145,0,0,0,0,25,20,29,39,32
78,33,Audi,Audi R8,120,2010;2011;2013;2014;2015;2016,2010,2016,0,,120,0,0,0,0,17,13,13,41,36
78,34,Audi,Audi S5 convertible,65,2010;2012,2010,2012,0,,65,0,0,0,0,8,8,12,16,21
78,35,Audi,Audi S5 coupe,60,2008;2010;2012;2014,2008,2014,0,,60,0,0,0,1,2,2,13,29,13
78,36,Audi,Audi S5 hatchback,45,2010;2012,2010,2012,0,,45,0,0,0,0,4,5,9,14,13
78,38,Audi,Audi S7,120,2013;2015,2013,2015,0,,120,0,0,0,0,12,9,20,38,41
78,39,Audi,Audi S8,120,2008;2009;2013;2014;2015,2008,2015,0,,120,0,0,0,0,10,8,17,49,36
78,40,Audi,Audi SQ5,120,2013;2014,2013,2014,0,,120,0,0,0,0,14,11,17,43,35
78,41,Audi,Audi TTS convertible,12,2011;2013,2011,2013,0,,12,0,0,0,0,1,0,0,6,5
78,42,Audi,Audi TTS coupe,66,2011;2013;2015,2011,2015,0,,66,0,0,0,0,9,3,10,27,17
78,43,Audi,Audi TT convertible,9,2011;2013,2011,2013,0,,9,0,0,0,0,2,2,1,2,2
78,44,Audi,Audi TT coupe,85,2011;2013;2014;2015,2011,2015,0,,85,0,0,0,1,9,10,14,31,20
78,46,Audi,Audi A2,29,2002;2011;2013,2002,2013,0,,29,0,0,0,0,4,3,8,7,7
78,47,Audi,Audi quattro,109,2010;2013;2014,2010,2014,0,,109,0,0,0,2,20,12,16,34,25
78,48,Audi,Audi Urban,42,2011,2011,2011,0,,42,0,0,0,3,4,0,10,17,8
78,49,Audi,Audi Cross,39,2009,2009,2009,0,,39,0,0,0,2,2,2,5,18,10
78,50,Audi,Audi e-tron,120,2009;2010;2011,2009,2011,0,,120,0,0,0,3,13,13,22,31,38
78,52,Audi,Audi S3 hatchback,16,2014,2014,2014,0,,16,0,0,0,0,2,2,1,6,5
78,53,Audi,Audi R18,51,2012;2014,2012,2014,0,,51,0,0,0,4,9,1,7,22,8
78,55,Audi,Audi A3 convertible,12,2013,2013,2013,0,,12,0,0,0,0,0,0,0,8,4
78,56,Audi,Audi A3 e-tron,33,2011;2015,2011,2015,0,,33,0,0,0,0,4,2,4,14,9
78,57,Audi,Audi S1,105,2013;2014;2015,2013,2015,0,,105,0,0,0,0,12,7,10,34,42
78,60,Audi,Allroad,45,2014;2015,2014,2015,0,,45,0,0,0,2,3,3,5,18,14
78,61,Audi,Crosslane Coupe,54,2012,2012,2012,0,,54,0,0,0,3,2,2,13,19,15
78,62,Audi,Audi S3 sedan,51,2015,2015,2015,0,,51,0,0,0,0,4,3,12,19,13
78,63,Audi,Audi S4,99,2008;2013,2008,2013,0,,99,0,0,0,0,6,6,13,42,32
78,65,Audi,Nanuk,21,2013,2013,2013,0,,21,0,0,0,0,2,1,5,5,8
78,66,Audi,Audi TT offroad,29,2014,2014,2014,0,,29,0,0,0,0,5,2,6,10,6
78,67,Audi,Audi S3 convertible,30,2014,2014,2014,0,,30,0,0,0,0,2,2,7,11,8
79,1725,Wisemann,Wiesmann Roadster,53,2006;2012,2006,2012,0,,53,0,0,0,0,5,2,9,19,18
79,1726,Wisemann,Wiesmann Spyder,14,2011,2011,2011,0,,14,0,0,0,0,2,2,3,3,4
79,1727,Wisemann,Wiesmann GT,108,2006;2009;2012;2013,2006,2013,0,,108,0,0,0,1,17,13,14,35,28
80,951,Wealeak,WeaLink H3,30,2010;2011,2010,2011,0,,30,0,0,0,0,5,3,2,12,8
80,952,Wealeak,WeaLink V5,114,2009;2011;2012,2009,2012,0,,114,0,0,0,0,17,11,15,43,28
80,953,Wealeak,WeaLink X5,118,2010;2011,2010,2011,0,,118,0,0,0,0,18,12,21,47,20
81,68,BWM,BWM 3 Series,283,2008;2009;2010;2011;2012;2013;2014,2008,2014,0,,283,0,0,0,0,47,38,46,81,71
81,69,BWM,BWM X1,149,2010;2012;2013;2014,2010,2014,0,,149,0,0,0,19,26,18,26,33,27
81,70,BWM,BWM 5 Series,233,2009;2010;2011;2012;2013;2014,2009,2014,0,,233,0,0,0,0,42,33,39,65,54
81,71,BWM,BWM 1 Series M,119,2011,2011,2011,0,,119,0,0,0,7,15,10,19,43,25
81,72,BWM,BWM M3 coupe,65,2008;2010;2011;2013,2008,2013,0,,65,0,0,0,0,10,6,14,20,15
81,73,BWM,BWM M3,49,2008;2014,2008,2014,0,,49,0,0,0,0,8,4,10,18,9
81,74,BWM,BWM M4 coupe,62,2014,2014,2014,0,,62,0,0,0,0,8,5,7,30,12
81,75,BWM,BWM M5,120,2005;2011;2012;2013;2014,2005,2014,0,,120,0,0,0,0,13,12,15,55,25
81,76,BWM,BWM M6 coupe,41,2008;2013;2014,2008,2014,0,,41,0,0,0,1,7,4,4,15,10
81,77,BWM,BWM M6,39,2013;2014,2013,2014,0,,39,0,0,0,0,5,3,11,12,8
81,78,BWM,BWM X5 M,120,2010;2013;2014;2016,2010,2016,0,,120,0,0,0,0,16,14,23,40,27
81,79,BWM,BWM X6 M,120,2010;2013;2014;2015;2016,2010,2016,0,,120,0,0,0,4,11,13,18,54,20
81,81,BWM,BWM M3 convertible,15,2008,2008,2008,0,,15,0,0,0,0,1,2,5,3,4
81,82,BWM,BWM 1 Series convertible,45,2011,2011,2011,0,,45,0,0,0,0,7,6,7,12,13
81,83,BWM,BWM 1 Series couple,67,2011;2013,2011,2013,0,,67,0,0,0,0,9,9,7,24,18
81,84,BWM,BWM 2 Series,119,2014;2015,2014,2015,0,,119,0,0,0,0,13,9,19,54,24
81,85,BWM,BWM 3 Series GT,120,2013;2014,2013,2014,0,,120,0,0,0,0,11,15,21,40,33
81,86,BWM,BWM 3 Series convertible,120,2008;2010;2011;2012,2008,2012,0,,120,0,0,0,0,17,15,22,35,31
81,87,BWM,BWM 3 Series hybrid,29,2012;2013,2012,2013,0,,29,0,0,0,0,4,5,8,6,6
81,88,BWM,BWM 3 Series estate,123,2013;2014,2013,2014,0,,123,0,0,0,0,14,13,21,44,31
81,89,BWM,BWM 3 Series coupe,99,2007;2009;2011,2007,2011,0,,99,0,0,0,0,18,12,26,24,19
81,91,BWM,BWM 4 Series convertible,94,2014,2014,2014,0,,94,0,0,0,0,11,13,14,29,27
81,92,BWM,BWM 4 Series couple,60,2013;2014,2013,2014,0,,60,0,0,0,0,11,9,6,20,14
81,93,BWM,BWM 4 Series,30,2014,2014,2014,0,,30,0,0,0,0,3,3,6,9,9
81,94,BWM,BWM 5 Series GT,120,2010;2011;2013;2014;2015,2010,2015,0,,120,0,0,0,0,21,15,18,33,33
81,95,BWM,BWM 5 Series hybrid,21,2013;2014;2015,2013,2015,0,,21,0,0,0,0,3,3,6,5,4
81,96,BWM,BWM 5 Series estate,125,2012;2013;2014,2012,2014,0,,125,0,0,0,0,15,14,27,41,28
81,98,BWM,BWM 6 Series convertible,71,2008;2011,2008,2011,0,,71,0,0,0,0,9,12,20,13,17
81,99,BWM,BWM 6 Series couple,94,2008;2010;2012;2013,2008,2013,0,,94,0,0,0,0,14,11,19,31,19
81,100,BWM,BWM 6 Series,61,2012;2013;2014,2012,2014,0,,61,0,0,0,0,9,8,11,18,15
81,101,BWM,BWM 7 Series,119,2009;2010;2011;2013;2014;2015,2009,2015,0,,119,0,0,0,0,20,16,23,34,26
81,102,BWM,BWM 7 Series hybrid,49,2010;2012;2013,2010,2013,0,,49,0,0,0,0,5,5,11,18,10
81,103,BWM,BWM X3,143,2009;2010;2011;2012;2013;2014,2009,2014,0,,143,0,0,0,0,22,18,30,44,29
81,104,BWM,BWM X4,119,2013;2014;2015,2013,2015,0,,119,0,0,0,0,14,11,19,47,28
81,105,BWM,BWM X5,150,2008;2009;2011;2012;2013;2014,2008,2014,0,,150,0,0,0,0,24,22,27,44,33
81,106,BWM,BWM X6,120,2010;2011;2012;2013;2014;2015,2010,2015,0,,120,0,0,0,0,14,17,22,41,26
81,107,BWM,BWM X6 Series hybrid,30,2010,2010,2010,0,,30,0,0,0,0,4,3,8,8,7
81,108,BWM,BWM Z4,139,2009;2011;2012;2013;2014,2009,2014,0,,139,0,0,0,0,17,14,36,42,30
81,109,BWM,BWM i3,120,2012;2013;2014,2012,2014,0,,120,0,0,0,1,14,14,24,42,25
81,110,BWM,BWM i8,120,2011;2012;2013;2014;2015,2011,2015,0,,120,0,0,0,3,20,4,33,32,28
81,112,BWM,ConnectedDrive,52,2011,2011,2011,0,,52,0,0,0,13,7,5,8,13,6
81,113,BWM,EfficientDynamics,64,2009,2009,2009,0,,64,0,0,0,3,11,7,7,29,7
81,114,BWM,Active Tourer,120,2012;2013;2015,2012,2015,0,,120,0,0,0,1,14,8,25,45,27
81,115,BWM,Isetta,40,1955,1955,1955,0,,40,0,0,0,0,4,1,6,21,8
81,118,BWM,BWM 1 Series hatchback,67,2010;2012;2013,2010,2013,0,,67,0,0,0,0,9,10,17,14,17
81,119,BWM,Zagato Coupe,54,2012,2012,2012,0,,54,0,0,0,5,10,3,13,12,11
81,120,BWM,Gran Lusso,29,2013,2013,2013,0,,29,0,0,0,0,4,2,8,11,4
81,121,BWM,BWM GINA,43,2008,2008,2008,0,,43,0,0,0,0,14,4,4,9,12
81,122,BWM,BWM 2 Series Active Tourer,120,2014;2015,2014,2015,0,,120,0,0,0,0,11,8,26,45,30
81,123,BWM,Vision Future Luxury,20,2014,2014,2014,0,,20,0,0,0,2,2,2,7,3,4
82,343,Baojun,Baojun 610,119,2014,2014,2014,0,,119,0,0,0,0,18,20,21,32,28
82,344,Baojun,Baojun 630,120,2011;2012;2013;2014,2011,2014,0,,120,0,0,0,0,22,18,21,33,26
82,345,Baojun,Baojun 730,119,2014;2015,2014,2015,0,,119,0,0,0,1,13,11,19,48,27
82,346,Baojun,Lechi,120,2008;2009;2010;2012,2008,2012,0,,120,0,0,0,0,27,21,20,31,21
82,347,Baojun,Baojun 610 CROSS,13,2014,2014,2014,0,,13,0,0,0,0,2,1,4,4,2
83,368,Bentley,Flying Spur,120,2010;2012;2013;2014,2010,2014,0,,120,0,0,0,0,18,10,21,41,30
83,369,Bentley,Super Sport,120,2010;2012;2013;2014;2015,2010,2015,0,,120,0,0,0,1,20,11,25,38,25
83,370,Bentley,Bentley Falcon,5,2013,2013,2013,0,,5,0,0,0,0,0,0,0,3,2
83,372,Bentley,Brooklands,59,2008,2008,2008,0,,59,0,0,0,1,2,2,12,31,11
83,373,Bentley,Arnage,52,2006;2009,2006,2009,0,,52,0,0,0,3,2,3,20,17,7
83,374,Bentley,Mulsanne,120,2011;2012;2013;2014;2015,2011,2015,0,,120,0,0,0,0,18,11,17,47,27
84,1962,Brabus,Brabus S Class,118,2011;2012;2013;2014;2015,2011,2015,0,,118,0,0,0,0,15,11,16,43,33
84,1963,Brabus,Brabus GL Class,23,2012;2013;2014,2012,2014,0,,23,0,0,0,0,2,3,2,8,8
84,1964,Brabus,Brabus M Class,91,2010;2012;2013,2010,2013,0,,91,0,0,0,0,11,10,20,28,22
84,1965,Brabus,Brabus smart fortwo,51,2005;2012;2013;2014;2015,2005,2015,0,,51,0,0,0,0,6,4,4,28,9
84,1966,Brabus,Brabus CLS Class,66,2012;2013,2012,2013,0,,66,0,0,0,0,5,5,14,22,20
84,1967,Brabus,Brabus A Class,20,2013,2013,2013,0,,20,0,0,0,0,4,4,2,4,6
84,1968,Brabus,Brabus B Class,16,2012,2012,2012,0,,16,0,0,0,0,2,2,4,4,4
84,1969,Brabus,Brabus CL Class,9,2012,2012,2012,0,,9,0,0,0,0,0,0,1,7,1
84,1970,Brabus,Brabus G Class,119,2012;2013;2014,2012,2014,0,,119,0,0,0,1,17,9,15,49,28
84,1971,Brabus,Brabus SLK Class,75,2012,2012,2012,0,,75,0,0,0,0,9,9,15,24,18
84,1972,Brabus,Brabus SLS Class,49,2011,2011,2011,0,,49,0,0,0,0,5,3,5,22,14
84,1973,Brabus,Brabus SL Class,48,2000;2010;2013,2000,2013,0,,48,0,0,0,0,5,6,7,21,9
84,1975,Brabus,Brabus E Class,75,2010;2011;2013;2014,2010,2014,0,,75,0,0,0,0,11,5,11,26,22
85,375,Bugatti,Veyron,120,2008;2011;2012;2013;2014;2015,2008,2015,0,,120,0,0,0,2,18,6,33,40,21
85,376,Bugatti,Galibier,41,2009,2009,2009,0,,41,0,0,0,8,6,4,12,4,7
86,1314,Pagani,Zonda,120,2004;2005;2006;2008;2011;2013,2004,2013,16,,120,0,0,0,6,17,13,20,44,20
86,1315,Pagani,Huayra,120,2011;2012;2013;2015,2011,2015,0,,120,0,0,0,1,26,10,21,43,19
87,672,Guangqichuanqi,Chuanqi GA3,120,2013;2014,2013,2014,0,,120,0,0,0,0,18,13,21,42,26
87,673,Guangqichuanqi,Chuanqi GA5,117,2011;2012;2013;2015,2011,2015,0,,117,0,0,0,0,14,13,16,43,31
87,674,Guangqichuanqi,Chuanqi GS5,120,2012;2013;2014,2012,2014,0,,120,0,0,0,0,17,12,20,40,31
87,676,Guangqichuanqi,E-jet,22,2010;2014,2010,2014,0,,22,0,0,0,0,3,2,5,9,3
87,677,Guangqichuanqi,e-linker,12,2010;2012,2010,2012,0,,12,0,0,0,0,1,1,3,5,2
87,678,Guangqichuanqi,Cabrio-Coupe,13,2010,2010,2010,0,,13,0,0,0,0,2,2,2,3,4
87,680,Guangqichuanqi,Trumpchi GA3S horizon,134,2014,2014,2014,0,,134,0,0,0,0,21,16,25,39,33
88,1413,GAC,E Mei,53,2014,2014,2014,0,,53,0,0,0,0,6,5,11,19,12
88,1414,GAC,GX6,104,2014;2015,2014,2015,0,,104,0,0,0,1,11,12,19,37,24
88,1415,GAC,Saboo G3,26,2011,2011,2011,0,,26,0,0,0,0,4,3,2,13,4
88,1416,GAC,Saboo G5,119,2010;2011;2012,2010,2012,0,,119,0,0,0,0,20,11,24,44,20
88,1417,GAC,Saboo GX5,119,2012,2012,2012,0,,119,0,0,0,0,20,13,21,45,20
88,1418,GAC,Caiyun 100,20,2009;2012,2009,2012,0,,20,0,0,0,0,3,0,3,11,3
88,1419,GAC,Caiyun 300,52,2010;2011;2012,2010,2012,0,,52,0,0,0,0,7,5,10,16,14
88,1420,GAC,Caiyun 500,9,2011;2012,2011,2012,0,,9,0,0,0,0,3,1,1,2,2
88,1422,GAC,Shuaibao,28,2010,2010,2010,0,,28,0,0,0,0,3,1,4,15,5
88,1423,GAC,Shuaijian,34,2009;2010;2012,2009,2012,0,,34,0,0,0,0,6,0,3,20,5
88,1424,GAC,Xinglang,120,2013;2014,2013,2014,0,,120,0,0,0,0,18,16,27,37,22
88,1425,GAC,Xingwang,106,2010;2012,2010,2012,0,,106,0,0,0,0,15,13,22,30,26
88,1426,GAC,Xingwang CL,78,2012,2012,2012,0,,78,0,0,0,0,11,10,15,23,19
88,1427,GAC,Xingwang L,12,2012,2012,2012,0,,12,0,0,0,0,1,1,2,4,4
88,1428,GAC,Xingwang M1,7,2012,2012,2012,0,,7,0,0,0,0,1,0,3,1,2
88,1433,GAC,GP150,72,2014;2015,2014,2015,0,,72,0,0,0,0,10,7,17,24,14
89,1784,Karry,Youjin,12,2010;2012,2010,2012,0,,12,0,0,0,0,2,2,3,3,2
89,1785,Karry,Youya,107,2007;2010;2012;2013,2007,2013,0,,107,0,0,0,0,15,12,18,38,24
89,1786,Karry,Youyou,112,2009;2010;2012,2009,2012,0,,112,0,0,0,0,16,15,19,33,29
89,1787,Karry,Youpai,54,2009;2011,2009,2011,0,,54,0,0,0,0,8,6,10,15,15
89,1789,Karry,Yousheng,29,2010;2012,2010,2012,0,,29,0,0,0,0,4,2,5,10,8
90,1244,Ciimo,Ciimo,120,2012;2014;2015,2012,2015,0,,120,0,0,0,0,22,13,24,37,24
91,726,CHTC,Tuteng T1,46,2012,2012,2012,0,,46,0,0,0,0,5,5,7,18,11
91,727,CHTC,Tuteng T3,30,2013,2013,2013,0,,30,0,0,0,0,4,4,6,9,7
91,728,CHTC,Tuteng T2,50,2012,2012,2012,0,,50,0,0,0,0,6,5,8,18,13
92,746,Jaguar,Gaguar F-TYPE,120,2011;2013;2014;2015;2016,2011,2016,0,,120,0,0,0,4,8,11,15,49,33
92,747,Jaguar,Gaguar XJ,120,2010;2011;2012;2013;2014,2010,2014,0,,120,0,0,0,0,21,15,18,42,24
92,748,Jaguar,Gaguar XK,120,2006;2009;2012;2013;2014,2006,2014,0,,120,0,0,0,4,10,10,20,47,29
92,749,Jaguar,Gaguar C-X75,120,2010;2013,2010,2013,0,,120,0,0,0,3,19,14,28,37,19
92,752,Jaguar,Gaguar C-TYPE,14,1951;2011,1951,2011,0,,14,0,0,0,0,1,0,1,9,3
92,753,Jaguar,Gaguar E-TYPE,84,1971;2011;2014,1971,2014,0,,84,0,0,0,2,3,4,16,32,27
92,754,Jaguar,Gaguar C-X17,30,2013,2013,2013,0,,30,0,0,0,0,1,4,8,10,7
92,755,Jaguar,Gaguar XE,120,2014;2015;2016,2014,2016,0,,120,0,0,0,5,15,7,19,43,31
92,756,Jaguar,Gaguar XF,141,2009;2011;2012;2013;2014;2015,2009,2015,0,,141,0,0,0,0,23,21,26,41,30
93,846,Morgan,Morgan Plus 8,70,2013,2013,2013,0,,70,0,0,0,1,8,8,12,22,19
93,848,Morgan,Morgan 4-4,25,2012;2013,2012,2013,0,,25,0,0,0,0,4,2,3,10,6
93,849,Morgan,Morgan Aero,41,2012;2013,2012,2013,0,,41,0,0,0,0,4,3,8,18,8
94,1230,Subaru,Outback,136,2008;2010;2011;2012;2013;2014;2015,2008,2015,0,,136,0,0,0,1,18,14,20,51,32
94,1231,Subaru,Legacy,120,2009;2010;2013;2014;2015,2009,2015,0,,120,0,0,0,0,19,17,21,37,26
94,1232,Subaru,Legacy estate,30,2010,2010,2010,0,,30,0,0,0,0,2,1,6,15,6
94,1233,Subaru,Forester,120,2010;2011;2012;2013;2014;2015,2010,2015,0,,120,0,0,0,0,17,16,20,40,27
94,1234,Subaru,Subaru BRZ,120,2013;2014;2015,2013,2015,0,,120,0,0,0,0,14,10,16,48,32
94,1235,Subaru,Subaru XV,116,2012;2013;2014;2015,2012,2015,0,,116,0,0,0,0,12,15,14,44,31
94,1236,Subaru,Impreza hatchback,92,2008;2009;2010,2008,2010,0,,92,0,0,0,0,18,11,8,30,25
94,1237,Subaru,Impreza sedan,82,2008;2009;2010;2011;2013,2008,2013,0,,82,0,0,0,0,15,10,8,32,17
94,1238,Subaru,Trezia,15,2011,2011,2011,0,,15,0,0,0,0,2,0,3,5,5
94,1239,Subaru,Viziv,55,2013;2014,2013,2014,0,,55,0,0,0,0,8,6,17,15,9
94,1240,Subaru,Subaru WRX,120,2014;2015,2014,2015,0,,120,0,0,0,2,8,6,29,48,27
94,1241,Subaru,LEVORG,41,2014;2015,2014,2015,0,,41,0,0,0,0,4,2,9,19,7
94,1243,Subaru,Tribeca,140,2005;2007;2008;2011;2012,2005,2012,0,,140,0,0,0,0,18,10,18,63,31
95,910,Skoda,Fabia,127,2008;2011;2012;2013;2015,2008,2015,0,,127,0,0,0,0,24,17,25,34,27
95,911,Skoda,Octavia,161,2009;2010;2012;2013;2014;2015,2009,2015,0,,161,0,0,0,0,36,23,31,38,33
95,912,Skoda,Octavia RS,50,2010;2011;2014,2010,2014,0,,50,0,0,0,0,5,7,6,22,10
95,913,Skoda,Superb,120,2013,2013,2013,0,,120,0,0,0,0,20,15,20,37,28
95,914,Skoda,Yeti,119,2014,2014,2014,0,,119,0,0,0,0,21,18,20,35,25
95,915,Skoda,Haorui,119,2009;2010;2012;2013;2014,2009,2014,0,,119,0,0,0,0,24,15,23,34,23
95,916,Skoda,Rapid Spaceback,120,2014,2014,2014,0,,120,0,0,0,0,21,16,15,37,31
95,917,Skoda,Rapid,120,2013;2014;2015,2013,2015,0,,120,0,0,0,0,14,13,24,38,31
95,918,Skoda,Fabia Scout,16,2012;2013,2012,2013,0,,16,0,0,0,0,2,2,4,4,4
95,919,Skoda,Yeti abroad version,119,2010;2013;2014;2015,2010,2015,0,,119,0,0,0,0,10,6,14,62,27
95,920,Skoda,Citigo,74,2013,2013,2013,0,,74,0,0,0,1,3,3,9,38,20
95,921,Skoda,Mission L,23,2011;2013,2011,2013,0,,23,0,0,0,0,2,1,4,9,7
95,923,Skoda,Roomster,61,2006;2007;2011,2006,2011,0,,61,0,0,0,0,2,1,10,31,17
95,924,Skoda,Octavia abroad version,120,2013;2014;2015,2013,2015,0,,120,0,0,0,0,6,6,21,48,39
95,926,Skoda,Octavia RS abroad version,31,2014;2015,2014,2015,0,,31,0,0,0,0,1,0,5,16,9
95,927,Skoda,Vision D,36,2011,2011,2011,0,,36,0,0,0,2,5,3,7,10,9
95,930,Skoda,VisionC,44,2014,2014,2014,0,,44,0,0,0,0,5,7,14,8,10
95,931,Skoda,CitiJet,39,2014;2015,2014,2015,0,,39,0,0,0,0,5,0,7,18,9
95,932,Skoda,Superb Derivative,120,2013;2014,2013,2014,0,,120,0,0,0,1,12,11,23,45,28
96,1948,Xinkai,Kaisheng 2,41,2013,2013,2013,0,,41,0,0,0,0,5,4,7,15,10
97,852,Nissan,Murano,120,2011;2013;2014,2011,2014,0,,120,0,0,0,0,14,12,23,46,25
97,853,Nissan,X-Trail,119,2008;2010;2012;2014,2008,2014,0,,119,0,0,0,0,21,16,24,30,28
97,854,Nissan,Teana,153,2008;2010;2011;2012;2013;2014,2008,2014,0,,153,0,0,0,0,30,19,32,42,30
97,855,Nissan,New Sylphy,45,2012;2014,2012,2014,0,,45,0,0,0,0,7,6,11,11,10
97,856,Nissan,Sylphy,113,2006;2009;2010;2012,2006,2012,0,,113,0,0,0,0,20,15,19,30,29
97,857,Nissan,Sunshine,120,2011;2014,2011,2014,0,,120,0,0,0,0,20,17,19,31,33
97,858,Nissan,Yida,104,2005;2006;2008;2009,2005,2009,0,,104,0,0,0,0,14,12,12,45,21
97,859,Nissan,Qashqai,145,2010;2011;2012;2013;2014,2010,2014,0,,145,0,0,0,0,17,14,28,52,34
97,860,Nissan,Livina,117,2010;2013,2010,2013,0,,117,0,0,0,0,19,15,19,38,26
97,861,Nissan,Tiida,120,2011;2012;2013;2014,2011,2014,0,,120,0,0,0,2,18,16,14,43,27
97,864,Nissan,Ma Chi,119,2010;2011;2014;2015,2010,2015,0,,119,0,0,0,0,20,12,21,43,23
97,865,Nissan,Paladin,118,2004;2006;2013,2004,2013,0,,118,0,0,0,0,18,13,17,44,26
97,866,Nissan,Nissan D22 Pickup,39,2010;2011;2013,2010,2013,0,,39,0,0,0,0,3,4,5,20,7
97,867,Nissan,Nissan D22 Cargo,10,2008;2011,2008,2011,0,,10,0,0,0,0,2,1,0,5,2
97,868,Nissan,Nissan NV200,119,2010;2011;2013;2014,2010,2014,0,,119,0,0,0,0,18,11,24,45,21
97,869,Nissan,Palazzi,16,2009,2009,2009,0,,16,0,0,0,0,2,0,2,10,2
97,870,Nissan,Bilian,74,2010;2011;2013,2010,2013,0,,74,0,0,0,0,9,7,16,26,16
97,871,Nissan,Nissan 370Z,120,2009;2013;2014;2015,2009,2015,0,,120,0,0,0,0,17,12,21,50,20
97,872,Nissan,Nissan GT-R,128,2009;2010;2012;2013;2014;2015,2009,2015,0,,128,0,0,0,0,12,10,18,48,40
97,873,Nissan,Nissan Juke,120,2011;2012;2013;2014;2015,2011,2015,0,,120,0,0,0,0,15,7,23,59,16
97,874,Nissan,Patrol,120,2004;2012;2013;2014,2004,2014,0,,120,0,0,0,0,14,12,17,51,26
97,875,Nissan,Nissan Cube,73,2009;2013,2009,2013,30,,73,0,0,0,0,7,5,13,32,16
97,876,Nissan,Nissan NUVU,22,,,,22,,22,0,0,0,0,2,1,11,6,2
97,877,Nissan,Leaf,114,2011;2012;2013;2014,2011,2014,0,,114,0,0,0,0,5,4,25,56,24
97,879,Nissan,Pathfinder,120,2005;2010;2012;2013,2005,2013,0,,120,0,0,0,0,16,8,11,58,27
97,883,Nissan,Versa,120,2010;2012;2014;2015,2010,2015,0,,120,0,0,0,8,10,8,23,42,29
97,884,Nissan,Resonance,19,2013,2013,2013,0,,19,0,0,0,1,2,1,6,5,4
97,885,Nissan,Friend-ME,49,2013,2013,2013,0,,49,0,0,0,0,0,3,7,23,16
97,887,Nissan,Extrem,18,2013,2013,2013,0,,18,0,0,0,0,0,0,6,5,7
97,888,Nissan,DeltaWing,44,2012,2012,2012,0,,44,0,0,0,2,3,6,10,13,10
97,889,Nissan,Frontier,39,2012;2014,2012,2014,0,,39,0,0,0,0,2,5,7,13,12
97,890,Nissan,Hi-Cross,25,2012,2012,2012,0,,25,0,0,0,0,4,2,5,7,7
97,891,Nissan,Invitation,46,2012,2012,2012,0,,46,0,0,0,0,6,2,6,20,12
97,892,Nissan,Sentra,92,2013,2013,2013,0,,92,0,0,0,0,10,2,14,40,26
97,893,Nissan,Terra,8,2012,2012,2012,0,,8,0,0,0,0,0,0,2,3,3
97,894,Nissan,Titan,90,2012;2013;2015;2016,2012,2016,0,,90,0,0,0,0,5,3,15,46,21
97,896,Nissan,Nissan NV3500,15,2012,2012,2012,0,,15,0,0,0,0,2,0,3,7,3
97,897,Nissan,Armada,7,2012,2012,2012,0,,7,0,0,0,0,1,1,1,2,2
97,899,Nissan,Rogue,53,2011;2014,2011,2014,0,,53,0,0,0,0,3,2,5,29,14
97,901,Nissan,BladeGlider,40,2013;2014,2013,2014,0,,40,0,0,0,4,3,2,9,9,13
97,902,Nissan,Sports Sedan,56,2014,2014,2014,0,,56,0,0,0,0,5,4,8,27,12
97,903,Nissan,Pulsar,120,2014;2015,2014,2015,0,,120,0,0,0,0,10,7,24,62,17
97,904,Nissan,2021 Vision Gran Turismo,30,2014,2014,2014,0,,30,0,0,0,1,2,2,6,13,6
97,905,Nissan,Quest,120,2005;2006;2011;2012;2013;2015,2005,2015,0,,120,0,0,0,0,17,14,20,41,28
97,906,Nissan,IDX,72,2014,2014,2014,0,,72,0,0,0,1,7,2,19,28,15
97,907,Nissan,Lannia Concept,94,2014,2014,2014,0,,94,0,0,0,0,10,1,21,38,24
97,908,Nissan,Navara,86,2014;2015,2014,2015,0,,86,0,0,0,0,3,0,20,45,18
97,909,Nissan,Altima,120,2005;2010;2012;2013;2015,2005,2015,0,,120,0,0,0,0,10,9,18,52,31
98,431,Changhe,Ideal,55,2004;2006;2011,2004,2011,0,,55,0,0,0,0,5,6,10,17,17
98,432,Changhe,Funyun,38,2011;2012,2011,2012,0,,38,0,0,0,0,5,4,6,15,8
98,433,Changhe,Furuida,46,2009;2011;2012;2014,2009,2014,0,,46,0,0,0,0,7,5,8,15,11
99,1044,RANZ,Ranz,34,2013,2013,2013,0,,34,0,0,0,0,5,7,5,9,8
100,209,Honda,Odyssey,121,2009;2011;2013;2014;2015,2009,2015,0,,121,0,0,0,0,18,17,22,32,32
100,210,Honda,City,120,2009;2011;2012;2014,2009,2014,0,,120,0,0,0,0,23,13,15,44,25
100,211,Honda,Crosstour,120,2011;2012;2013;2014,2011,2014,0,,120,0,0,0,0,18,16,21,36,29
100,212,Honda,Crider,118,2013;2015,2013,2015,0,,118,0,0,0,0,18,9,28,37,26
100,213,Honda,Accord,148,2010;2011;2012;2013;2014,2010,2014,0,,148,0,0,0,2,24,12,22,57,31
100,214,Honda,Vezel,120,2015,2015,2015,0,,120,0,0,0,0,16,14,21,41,28
100,215,Honda,Fit,150,2008;2011;2013;2014,2008,2014,0,,150,0,0,0,0,21,18,23,52,36
100,216,Honda,Honda CR-Z,120,2010;2012;2013,2010,2013,0,,120,0,0,0,0,15,9,22,49,25
100,217,Honda,Fit hybrid,26,2013;2014,2013,2014,0,,26,0,0,0,0,4,3,6,9,4
100,218,Honda,Civic hybrid,36,2009,2009,2009,0,,36,0,0,0,0,8,4,5,12,7
100,219,Honda,Honda Legend,11,2009,2009,2009,0,,11,0,0,0,0,2,2,2,2,3
100,221,Honda,Honda S2000,54,2009,2009,2009,30,,54,0,0,0,0,5,5,7,19,18
100,222,Honda,Honda Urban,20,2013,2013,2013,0,,20,0,0,0,0,2,3,4,5,6
100,223,Honda,Honda Gear,8,2013,2013,2013,0,,8,0,0,0,0,0,0,2,5,1
100,226,Honda,Honda NSX,93,2002;2003;2012;2015,2002,2015,0,,93,0,0,0,0,12,6,9,45,21
100,227,Honda,Honda CONCEPT M,26,2014,2014,2014,0,,26,0,0,0,0,4,1,5,11,5
100,228,Honda,Honda EV-Ster,7,2011,2011,2011,0,,7,0,0,0,0,0,0,2,3,2
100,229,Honda,Honda Ridgeline,33,2012,2012,2012,0,,33,0,0,0,0,0,0,6,22,5
100,230,Honda,Honda Step Bus,5,2006,2006,2006,0,,5,0,0,0,0,0,0,2,2,1
100,231,Honda,Honda AC-x,10,2011,2011,2011,0,,10,0,0,0,0,0,0,3,3,4
100,232,Honda,Honda FCX,88,2010,2010,2010,0,,88,0,0,0,0,8,6,14,41,19
100,233,Honda,Honda HSV-010 GT,30,2010,2010,2010,0,,30,0,0,0,0,2,0,6,18,4
100,234,Honda,Honda N BOX,21,2012,2012,2012,0,,21,0,0,0,0,6,0,0,14,1
100,235,Honda,Honda ONE,56,2013,2013,2013,0,,56,0,0,0,0,2,2,5,42,5
100,236,Honda,Honda P-NUT,18,2009,2009,2009,0,,18,0,0,0,0,2,2,3,8,3
100,239,Honda,Honda SUT,23,2004,2004,2004,0,,23,0,0,0,0,2,6,2,4,9
100,240,Honda,Honda Brio,3,2011,2011,2011,0,,3,0,0,0,0,0,0,1,1,1
100,241,Honda,Honda S660,11,2014,2014,2014,0,,11,0,0,0,0,0,0,0,8,3
100,242,Honda,Honda N-WGN,39,2014,2014,2014,0,,39,0,0,0,0,3,1,2,30,3
100,243,Honda,Honda HR-V,101,2014;2015;2016,2014,2016,0,,101,0,0,0,1,8,8,14,38,32
100,247,Honda,Honda Insight,120,2010;2012;2013,2010,2013,0,,120,0,0,0,0,14,6,13,64,23
100,248,Honda,Elysion,120,2012;2013;2015,2012,2015,0,,120,0,0,0,0,18,14,21,40,27
100,249,Honda,Jade,119,2013;2014,2013,2014,0,,119,0,0,0,1,19,18,17,37,27
100,250,Honda,Spirior,117,2009;2013;2014;2015,2009,2015,0,,117,0,0,0,0,24,16,16,39,22
100,251,Honda,Civic,160,2009;2012;2013;2014;2015,2009,2015,0,,160,0,0,0,0,29,19,27,53,32
100,252,Honda,Honda CR-V,120,2010;2012;2013,2010,2013,0,,120,0,0,0,0,20,13,22,44,21
101,816,Lincoln,Lincoln MKS,120,2010;2011;2013,2010,2013,0,,120,0,0,0,2,15,6,29,51,17
101,817,Lincoln,Lincoln MKT,120,2010;2011;2013,2010,2013,0,,120,0,0,0,0,17,8,24,47,24
101,818,Lincoln,Lincoln MKX,120,2009;2010;2011;2013;2014;2016,2009,2016,0,,120,0,0,0,2,16,8,29,42,23
101,819,Lincoln,Lincoln MKZ,120,2007;2010;2011;2013;2014,2007,2014,0,,120,0,0,0,1,17,12,22,44,24
101,820,Lincoln,Navigator,119,2010;2011;2013;2014;2015,2010,2015,0,,119,0,0,0,0,10,6,21,60,22
101,821,Lincoln,Lincoln MKC,119,2013;2014,2013,2014,0,,119,0,0,0,2,8,13,21,40,35
102,253,Peugeot,CROSS 207,6,2013,2013,2013,0,,6,0,0,0,0,1,1,1,1,2
102,254,Peugeot,Peugeot 2008,120,2013;2014,2013,2014,0,,120,0,0,0,1,17,13,23,33,33
102,255,Peugeot,Peugeot 207 hatchback,134,2009;2010;2011,2009,2011,0,,134,0,0,0,0,33,17,18,44,22
102,256,Peugeot,Peugeot 207 sedan,140,2008;2009;2010;2011,2008,2011,0,,140,0,0,0,0,27,19,21,39,34
102,257,Peugeot,Peugeot 3008,119,2011;2013;2014;2015,2011,2015,0,,119,0,0,0,0,15,18,20,38,28
102,258,Peugeot,Peugeot 301,120,2013;2014,2013,2014,0,,120,0,0,0,0,21,13,23,39,24
102,259,Peugeot,Peugeot 307 hatchback,195,2010;2012;2013,2010,2013,0,,195,0,0,0,0,31,22,35,61,46
102,260,Peugeot,Peugeot 307 sedan,81,2008;2009;2010,2008,2010,0,,81,0,0,0,0,14,11,10,25,21
102,261,Peugeot,Peugeot 308,106,2012;2013;2014,2012,2014,0,,106,0,0,0,0,15,16,22,28,25
102,262,Peugeot,Peugeot 408,128,2010;2011;2012;2013;2014,2010,2014,0,,128,0,0,0,0,23,22,27,29,27
102,263,Peugeot,Peugeot 508,120,2011;2012;2013;2014;2015,2011,2015,0,,120,0,0,0,0,15,15,23,37,30
102,265,Peugeot,CROSS 307,115,2004;2006;2007;2008;2012;2013,2004,2013,0,,115,0,0,0,0,18,18,12,45,22
102,266,Peugeot,Peugeot 207CC,113,2008;2011;2012;2013,2008,2013,0,,113,0,0,0,0,16,11,21,38,27
102,267,Peugeot,Peugeot 308SW,99,2009;2010;2012;2013;2014,2009,2014,0,,99,0,0,0,0,14,9,23,31,22
102,268,Peugeot,Peugeot 4008,120,2012;2013,2012,2013,0,,120,0,0,0,0,20,11,18,44,27
102,269,Peugeot,Peugeot RCZ,120,2011;2012;2013;2014;2015,2011,2015,0,,120,0,0,0,1,10,10,23,48,28
102,271,Peugeot,Peugeot 107,67,2009;2013,2009,2013,0,,67,0,0,0,0,0,0,4,43,20
102,272,Peugeot,Peugeot 508 abroad version,120,2011;2012;2013;2015,2011,2015,0,,120,0,0,0,0,16,1,19,51,33
102,273,Peugeot,Peugeot 208,120,2012;2013;2014;2015;2016,2012,2016,0,,120,0,0,0,0,9,3,14,61,33
102,280,Peugeot,Peugeot 308 abroad version,120,2012;2013;2014,2012,2014,0,,120,0,0,0,0,14,11,11,50,34
102,281,Peugeot,Urban Crossover,15,2012,2012,2012,0,,15,0,0,0,0,2,2,1,8,2
102,282,Peugeot,Peugeot 5008,66,2010;2014,2010,2014,0,,66,0,0,0,0,1,1,9,34,21
102,283,Peugeot,Peugeot BB1,33,2009,2009,2009,0,,33,0,0,0,1,0,0,13,11,8
102,284,Peugeot,Peugeot EX1,27,2010,2010,2010,0,,27,0,0,0,7,1,0,7,10,2
102,285,Peugeot,Peugeot HR1,37,2010,2010,2010,0,,37,0,0,0,0,0,0,12,18,7
102,286,Peugeot,Peugeot HX1,30,2011,2011,2011,0,,30,0,0,0,2,2,0,10,12,4
102,287,Peugeot,Peugeot iON,28,2011,2011,2011,0,,28,0,0,0,0,2,0,4,15,7
102,288,Peugeot,Peugeot Onyx,33,2013,2013,2013,0,,33,0,0,0,2,4,3,4,12,8
102,289,Peugeot,Peugeot SR1,45,2010,2010,2010,0,,45,0,0,0,1,5,2,7,21,9
102,290,Peugeot,Peugeot SXC,39,2011,2011,2011,0,,39,0,0,0,0,5,3,4,21,6
102,291,Peugeot,Peugeot 108,101,2015,2015,2015,0,,101,0,0,0,3,3,1,19,44,31
102,292,Peugeot,EXALT,39,2014,2014,2014,0,,39,0,0,0,0,3,0,7,19,10
102,293,Peugeot,Peugeot 308CC,170,2009;2010;2012;2013,2009,2013,0,,170,0,0,0,0,27,17,37,50,39
103,1842,Opel,Antara,120,2009;2011;2012;2013,2009,2013,0,,120,0,0,0,1,17,13,15,50,24
103,1843,Opel,Zafira,120,2013,2013,2013,0,,120,0,0,0,0,13,10,21,45,31
103,1844,Opel,GTC convertible,24,2010,2010,2010,0,,24,0,0,0,0,5,3,4,8,4
103,1845,Opel,GTC hatchback,72,2004;2008;2010;2012;2013;2014,2004,2014,0,,72,0,0,0,0,5,4,12,35,16
103,1846,Opel,GTC sedan,8,2010,2010,2010,0,,8,0,0,0,0,1,1,2,3,1
103,1847,Opel,Insignia,120,2013;2014,2013,2014,0,,120,0,0,0,0,9,7,11,61,32
103,1848,Opel,Opel AMPERA,47,2009,2009,2009,0,,47,0,0,0,0,8,2,1,25,11
103,1849,Opel,Opel CORSA,120,2008;2011;2015,2008,2015,0,,120,0,0,0,1,6,0,9,76,28
103,1851,Opel,Opel Adam,120,2013;2014;2015,2013,2015,0,,120,0,0,0,1,6,5,3,78,27
103,1852,Opel,Opel Cascada,120,2013,2013,2013,0,,120,0,0,0,0,2,1,29,44,44
103,1853,Opel,Opel Combo,8,2011,2011,2011,0,,8,0,0,0,0,2,0,0,6,0
103,1854,Opel,Opel Mokka,120,2013,2013,2013,0,,120,0,0,0,0,5,1,9,88,17
103,1855,Opel,Opel Monza,27,2013,2013,2013,0,,27,0,0,0,0,7,1,3,10,6
103,1856,Opel,Meriva,119,2006;2013;2014,2006,2014,0,,119,0,0,0,0,3,3,16,68,29
104,850,Oley,Oley hatchback,12,2014,2014,2014,0,,12,0,0,0,0,2,2,2,3,3
104,851,Oley,Oley sedan,93,2012,2012,2012,0,,93,0,0,0,0,12,12,20,27,22
105,294,BYD,BYD F0,120,2009;2010;2011;2012;2015,2009,2015,0,,120,0,0,0,0,19,16,19,39,27
105,295,BYD,BYD F3DM,49,2008;2009;2010,2008,2010,0,,49,0,0,0,0,11,4,10,16,8
105,296,BYD,BYD F3R,118,2007;2008;2009;2011,2007,2011,0,,118,0,0,0,0,22,18,17,37,24
105,297,BYD,BYD F6,120,2008;2009;2010;2011,2008,2011,0,,120,0,0,0,0,19,12,16,40,33
105,298,BYD,BYD G3,115,2010;2011;2012;2013,2010,2013,0,,115,0,0,0,0,19,16,17,40,23
105,299,BYD,BYD G3R,106,2011,2011,2011,0,,106,0,0,0,0,15,8,15,45,23
105,300,BYD,BYD G5,119,2014,2014,2014,0,,119,0,0,0,0,19,14,21,37,28
105,301,BYD,BYD G6,118,2011;2012;2013,2011,2013,0,,118,0,0,0,1,15,15,19,40,28
105,302,BYD,BYD L3,120,2010;2011;2012;2013;2015,2010,2015,0,,120,0,0,0,0,18,15,21,37,29
105,303,BYD,BYD M6,120,2010;2011;2013;2015,2010,2015,0,,120,0,0,0,0,19,11,21,38,31
105,304,BYD,BYD S6,120,2011;2012;2013;2014,2011,2014,0,,120,0,0,0,1,19,17,22,33,28
105,305,BYD,BYD S7,120,2013;2015,2013,2015,0,,120,0,0,0,0,16,12,16,45,31
105,306,BYD,BYD e6,120,2009;2012;2014,2009,2014,0,,120,0,0,0,0,16,14,21,37,32
105,307,BYD,Qin,120,2012;2014,2012,2014,0,,120,0,0,0,0,18,12,22,41,27
105,308,BYD,Si Rui,116,2013,2013,2013,0,,116,0,0,0,0,19,13,24,31,29
105,309,BYD,Su Rui,116,2012;2013;2014;2015,2012,2015,0,,116,0,0,0,0,21,19,20,34,22
105,314,BYD,BYD F3,120,2009;2011;2012;2013;2014;2015,2009,2015,0,,120,0,0,0,0,16,13,22,40,29
106,1311,Jonway,Lieying,23,2013;2015,2013,2015,0,,23,0,0,0,0,3,5,4,8,3
106,1312,Jonway,Yongyuanwuxing,28,2012,2012,2012,0,,28,0,0,0,0,4,1,6,10,7
106,1313,Jonway,Yongyuan A380,116,2006;2008;2010;2012;2013;2014,2006,2014,0,,111,0,0,5,0,21,14,14,38,24
107,1470,Huizhong,Yisitanna,2,2012,2012,2012,0,,2,0,0,0,0,1,0,0,1,0
108,1516,Jianghuai,Binyue,118,2008;2009;2010;2011;2012,2008,2012,0,,118,0,0,0,0,16,17,14,43,28
108,1520,Jianghuai,Heyue A30,120,2013;2014,2013,2014,0,,120,0,0,0,0,18,19,24,37,22
108,1521,Jianghuai,Heyue RS,128,2009;2010;2011;2012;2013,2009,2013,0,,128,0,0,0,0,22,16,26,39,25
108,1522,Jianghuai,Heyue iEV,91,2014;2015,2014,2015,0,,91,0,0,0,0,13,11,17,27,23
108,1524,Jianghuai,Ruifeng,116,2007;2011;2012,2007,2012,0,,116,0,0,0,0,20,12,21,41,22
108,1525,Jianghuai,Ruifeng M3,85,2014;2015,2014,2015,0,,85,0,0,0,0,13,10,17,23,22
108,1526,Jianghuai,Ruifeng M5,120,2011;2012;2013;2014,2011,2014,0,,120,0,0,0,0,21,13,19,38,29
108,1527,Jianghuai,Ruifeng S3,120,2013;2014;2015,2013,2015,0,,120,0,0,0,0,19,14,20,39,28
108,1528,Jianghuai,Ruifeng S5,119,2012;2013;2014,2012,2014,0,,119,0,0,0,0,24,13,18,42,22
108,1529,Jianghuai,Ruiling,108,2011;2012;2014,2011,2014,0,,107,0,0,1,0,21,8,18,39,21
108,1530,Jianghuai,Ruiying,116,2009;2010;2011;2012;2013,2009,2013,0,,116,0,0,0,0,17,12,24,36,27
108,1531,Jianghuai,Tongyue,117,2008;2009;2010;2011;2012;2013,2008,2013,0,,117,0,0,0,0,23,11,16,45,22
108,1532,Jianghuai,Tongyue Cross,13,2012,2012,2012,0,,13,0,0,0,0,1,2,5,2,3
108,1533,Jianghuai,Tongyue RS,88,2009;2012,2009,2012,0,,88,0,0,0,1,12,10,11,31,23
108,1534,Jianghuai,Xingrui,84,2010;2011;2012;2013;2014,2010,2014,0,,84,0,0,0,0,11,10,17,25,21
108,1535,Jianghuai,Yueyue,117,2009;2011;2012;2013;2014,2009,2014,0,,117,0,0,0,0,20,15,17,40,25
108,1536,Jianghuai,Yueyue CROSS,13,2012,2012,2012,0,,13,0,0,0,0,2,2,1,5,3
108,1537,Jianghuai,Heyue SC,16,2012,2012,2012,0,,16,0,0,0,0,2,0,2,8,4
108,1538,Jianghuai,Heyue A20,39,2013;2014,2013,2014,0,,38,0,0,1,0,6,6,6,11,9
108,1539,Jianghuai,Ruifeng M6,41,2013;2014,2013,2014,0,,41,0,0,0,0,7,6,4,12,12
108,1540,Jianghuai,Vision IV,13,2010,2010,2010,0,,13,0,0,0,1,1,3,2,3,3
108,1541,Jianghuai,Ruifeng A6,33,2014,2014,2014,0,,33,0,0,0,0,5,4,5,9,10
108,1543,Jianghuai,Heyue,120,2009;2010;2011;2012;2013;2014,2009,2014,0,,120,0,0,0,0,25,14,16,37,28
109,1544,Jiangling,Baodian,37,2007;2012;2013,2007,2013,0,,37,0,0,0,0,5,4,7,13,8
109,1545,Jiangling,Kairui,10,2010,2010,2010,0,,10,0,0,0,0,1,1,1,6,1
109,1546,Jiangling,Kaiwei,7,2011,2011,2011,0,,7,0,0,0,0,1,1,1,3,1
109,1549,Jiangling,New Yusheng S350,5,2013,2013,2013,0,,5,0,0,0,0,1,1,1,1,1
109,1550,Jiangling,Yuhu,113,2012,2012,2012,0,,113,0,0,0,0,15,15,22,35,26
109,1551,Jiangling,Yuesheng S350,30,2011;2012;2013,2011,2013,0,,30,0,0,0,0,5,2,4,14,5
110,1092,Vauxhall,Vauxhall Antara,41,2007;2011,2007,2011,0,,41,0,0,0,0,2,1,6,22,10
110,1093,Vauxhall,Vauxhall Adam,120,2013;2015,2013,2015,0,,120,0,0,0,0,5,2,23,58,32
110,1094,Vauxhall,Vauxhall Cascada,84,2013,2013,2013,0,,84,0,0,0,2,1,2,30,31,18
110,1095,Vauxhall,Vauxhall Corsa,62,2011;2015,2011,2015,0,,62,0,0,0,0,4,5,10,29,14
110,1096,Vauxhall,Vauxhall Insignia,120,2009;2010;2012;2014,2009,2014,0,,120,0,0,0,0,6,4,17,63,30
110,1097,Vauxhall,Vauxhall Meriva,35,2011,2011,2011,0,,35,0,0,0,0,2,2,6,16,9
110,1098,Vauxhall,Vauxhall Mokka,40,2013,2013,2013,0,,40,0,0,0,0,0,0,11,20,9
110,1099,Vauxhall,Vauxhall VXR8,120,2007;2009;2011;2013;2014,2007,2014,0,,120,0,0,0,0,7,2,14,70,27
110,1100,Vauxhall,Vauxhall Astra,120,2005;2006;2013,2005,2013,0,,120,0,0,0,0,4,0,29,49,38
111,1701,Volvo,Volvo C30,150,2008;2009;2010;2011;2012;2013,2008,2013,0,,150,0,0,0,0,25,17,20,48,40
111,1702,Volvo,Volvo S60,120,2011;2012;2013;2014,2011,2014,0,,120,0,0,0,0,20,17,22,37,24
111,1703,Volvo,Volvo V40,120,2009;2013;2014;2015,2009,2015,0,,120,0,0,0,0,16,16,22,38,28
111,1704,Volvo,Volvo V40 CrossCountry,111,2014,2014,2014,0,,111,0,0,0,0,8,10,16,41,36
111,1705,Volvo,Volvo V60,120,2012;2013;2014;2015,2012,2015,0,,120,0,0,0,0,16,17,28,28,31
111,1706,Volvo,Volvo XC60,205,2009;2010;2011;2012;2013;2014;2015,2009,2015,0,,205,0,0,0,0,33,27,35,53,57
111,1707,Volvo,Volvo XC90 abroad version,165,2008;2010;2011;2012;2013;2015,2008,2015,0,,165,0,0,0,3,26,19,30,49,38
111,1708,Volvo,Volvo S80,119,2006;2008;2012;2013;2014,2006,2014,0,,119,0,0,0,0,13,11,16,43,36
111,1709,Volvo,Volvo V50,27,2009;2011,2009,2011,0,,27,0,0,0,0,0,0,4,16,7
111,1710,Volvo,Volvo V70,64,2009;2012;2014,2009,2014,0,,64,0,0,0,0,1,1,8,30,24
111,1711,Volvo,Volvo XC70,130,2004;2007;2008;2011;2012;2014,2004,2014,0,,130,0,0,0,0,17,10,14,55,34
111,1713,Volvo,Universe,26,2011;2015,2011,2015,0,,26,0,0,0,0,1,0,6,9,10
111,1714,Volvo,Volvo You,20,2012,2012,2012,0,,20,0,0,0,1,1,0,5,7,6
111,1715,Volvo,Air Motion,8,2010,2010,2010,0,,8,0,0,0,0,2,0,0,1,5
111,1716,Volvo,Volvo Coupe,59,2013,2013,2013,0,,59,0,0,0,1,3,2,12,27,14
111,1717,Volvo,Volvo XC Coupe,72,2014,2014,2014,0,,72,0,0,0,5,7,9,13,20,18
111,1718,Volvo,ESTATE,45,2014,2014,2014,0,,45,0,0,0,1,8,4,10,10,12
111,1719,Volvo,Volvo C70,119,2008;2010,2008,2010,0,,119,0,0,0,0,12,10,23,48,26
111,1720,Volvo,Volvo S40,119,2009;2010;2011;2012,2009,2012,0,,119,0,0,0,0,23,15,11,44,26
111,1721,Volvo,Volvo S80L,135,2009;2010;2011;2012;2014,2009,2014,0,,135,0,0,0,0,29,19,22,35,30
111,1722,Volvo,Volvo S60L,119,2014;2015,2014,2015,0,,119,0,0,0,0,18,16,24,32,29
111,1723,Volvo,Volvo XC Classic,111,2014;2015,2014,2015,0,,111,0,0,0,0,13,13,21,35,29
111,1724,Volvo,Volvo S60L hybrid,2,2014,2014,2014,0,,2,0,0,0,0,0,0,1,1,0
112,662,Ferrari,California,120,2009;2012;2015,2009,2015,0,,120,0,0,0,1,17,4,36,45,17
112,663,Ferrari,Ferrari 458,120,2010;2011;2013;2014;2015,2010,2015,0,,120,0,0,0,3,14,10,33,36,24
112,664,Ferrari,Ferrari 599,88,2010;2011,2010,2011,0,,88,0,0,0,3,21,2,12,39,11
112,667,Ferrari,Ferrari FF,120,2012,2012,2012,0,,120,0,0,0,2,19,13,10,56,20
112,668,Ferrari,LaFerrari,120,2013;2014;2015,2013,2015,0,,120,0,0,0,3,25,11,19,35,27
112,669,Ferrari,Sergio,81,2013;2015,2013,2015,0,,81,0,0,0,4,7,12,27,17,14
112,670,Ferrari,F12berlinetta,120,2013;2014;2015,2013,2015,0,,120,0,0,0,2,13,15,20,43,27
113,729,Haige,Haige H5C,119,2011;2013,2011,2013,0,,119,0,0,0,0,11,8,17,65,18
113,731,Haige,Longwei,29,2013,2013,2013,0,,29,0,0,0,0,4,2,5,11,7
113,732,Haige,Yujun,42,2011;2012;2013;2014,2011,2014,0,,42,0,0,0,0,7,4,8,13,10
113,733,Haige,Haige H5V,34,2013;2014,2013,2014,0,,34,0,0,0,0,4,3,5,15,7
114,1437,Haima,Fumeilai,115,2008;2010;2011;2012;2013;2014,2008,2014,0,,115,0,0,0,0,16,15,21,35,28
114,1438,Haima,Fumeilai VS,44,2012;2013,2012,2013,0,,44,0,0,0,0,6,7,8,11,12
114,1439,Haima,Haifuxing,120,2007;2008;2010;2011;2012,2007,2012,0,,120,0,0,0,0,15,14,22,42,27
114,1440,Haima,Haima 3,63,2007;2008;2010,2007,2010,0,,63,0,0,0,0,12,5,9,26,11
114,1441,Haima,Haima M3,114,2013;2014,2013,2014,0,,114,0,0,0,8,16,17,16,33,24
114,1442,Haima,Haima M8,117,2012;2014;2015,2012,2015,0,,117,0,0,0,0,18,13,20,42,24
114,1443,Haima,Haima S5,120,2014;2015,2014,2015,0,,120,0,0,0,1,18,15,16,45,25
114,1444,Haima,Haima S7,118,2013;2015,2013,2015,0,,118,0,0,0,0,17,15,17,42,27
114,1445,Haima,Haimaqishi,120,2010;2011;2012;2013,2010,2013,0,,120,0,0,0,1,19,13,15,46,26
114,1446,Haima,Haydo,119,2008;2009;2010,2008,2010,0,,119,0,0,0,1,20,15,10,40,33
114,1447,Haima,Premacy,114,2006;2009;2010;2012;2013;2014,2006,2014,0,,114,0,0,0,1,14,14,21,39,25
114,1448,Haima,Qiubite,120,2010;2011;2012;2013,2010,2013,0,,120,0,0,0,0,25,14,19,34,28
114,1449,Haima,Haima M6,21,2013,2013,2013,0,,21,0,0,0,0,5,0,2,9,5
114,1450,Haima,Family M5,119,2014,2014,2014,0,,119,0,0,0,1,17,19,19,35,28
115,700,Haima(Zhengzhou),FOS,43,2009;2012,2009,2012,0,,43,0,0,0,0,6,5,9,13,10
115,701,Haima(Zhengzhou),Haima Prince,105,2009;2010;2011,2009,2011,0,,105,0,0,0,0,12,12,23,36,22
115,702,Haima(Zhengzhou),Haima Me,24,2010,2010,2010,0,,24,0,0,0,0,4,2,6,7,5
115,703,Haima(Zhengzhou),Haima C2,14,2011,2011,2011,0,,14,0,0,0,0,3,2,2,5,2
115,704,Haima(Zhengzhou),Haima C3,15,2011,2011,2011,0,,15,0,0,0,0,3,2,2,6,2
115,705,Haima(Zhengzhou),Baimawangzi,11,2010,2010,2010,0,,11,0,0,0,0,2,2,2,2,3
115,706,Haima(Zhengzhou),Qiangwawangzi,11,2010,2010,2010,0,,11,0,0,0,0,3,2,2,4,0
115,707,Haima(Zhengzhou),Haimaaishang,76,2012,2012,2012,0,,76,0,0,0,0,11,10,14,23,18
116,1144,Cheetah,Feiling Pickup,22,2009;2010;2012,2009,2012,0,,22,0,0,0,0,2,2,5,9,4
116,1145,Cheetah,Feiteng C5,21,2014,2014,2014,0,,21,0,0,0,0,2,1,4,11,3
116,1148,Cheetah,Cheetah CS6,14,2009;2011,2009,2011,0,,14,0,0,0,0,4,2,1,4,3
116,1149,Cheetah,Cheetah CS7,79,2009,2009,2009,0,,79,0,0,0,1,15,8,13,29,13
116,1151,Cheetah,Cheetah Q6,66,2014;2015,2014,2015,0,,66,0,0,0,0,13,5,15,22,11
116,1154,Cheetah,Feiteng,74,2007;2008;2009;2010;2013,2007,2013,0,,74,0,0,0,0,12,10,12,26,14
117,1168,Maserati,Ghibli,120,2013;2014;2015,2013,2015,0,,120,0,0,0,0,16,10,18,52,24
117,1169,Maserati,Quattroporte,120,2009;2011;2013;2014;2015,2009,2015,0,,120,0,0,0,1,22,12,16,47,22
117,1170,Maserati,GranCabrio,120,2010;2012;2013;2014;2015,2010,2015,0,,120,0,0,0,0,15,8,21,53,23
117,1172,Maserati,Levante,23,2013;2014,2013,2014,0,,23,0,0,0,0,3,2,1,14,3
117,1173,Maserati,Alfieri,82,2014,2014,2014,0,,82,0,0,0,2,7,5,22,28,18
117,1174,Maserati,Maserati GT,116,2008;2009;2011;2012;2013;2014;2015,2008,2015,0,,116,0,0,0,2,18,7,20,47,22
118,955,Hyundai,i30,82,2007;2009;2013,2007,2013,0,,82,0,0,0,0,12,10,13,26,21
118,956,Hyundai,ix35,119,2010;2012;2013;2015,2010,2015,0,,119,0,0,0,0,26,16,17,37,23
118,957,Hyundai,Avante,118,2012;2013;2015,2012,2015,0,,118,0,0,0,0,22,16,20,34,26
118,958,Hyundai,Sonata,132,2008;2009,2008,2009,0,,132,0,0,0,0,23,11,16,60,22
118,959,Hyundai,Mistra,120,2013;2014,2013,2014,0,,120,0,0,0,0,15,16,15,48,26
118,960,Hyundai,Moinca,89,2009,2009,2009,0,,89,0,0,0,0,16,15,9,30,19
118,961,Hyundai,Santafe,130,2008;2010;2011;2012;2013,2008,2013,0,,130,0,0,0,0,24,13,19,47,27
118,962,Hyundai,Rena,120,2010;2014,2010,2014,0,,120,0,0,0,0,20,9,20,45,26
118,963,Hyundai,Verna,120,2011;2014,2011,2014,0,,120,0,0,0,0,16,16,18,39,31
118,964,Hyundai,Sonata 8,120,2010;2011;2013;2014,2010,2014,0,,120,0,0,0,0,17,15,17,39,32
118,965,Hyundai,Tucson,119,2006;2009;2013,2006,2013,0,,119,0,0,0,0,12,9,12,57,29
118,966,Hyundai,Accent,104,2006;2008;2011,2006,2011,0,,104,0,0,0,1,15,8,10,45,25
118,967,Hyundai,Elantra,146,2004;2005;2006;2007;2011,2004,2011,0,,146,0,0,0,0,21,17,30,44,34
118,968,Hyundai,Elantra Yuedong,118,2010;2011,2010,2011,0,,118,0,0,0,2,22,12,23,34,25
118,971,Hyundai,ix25,119,2014;2015,2014,2015,0,,119,0,0,0,0,20,14,19,39,27
118,972,Hyundai,Sonata hybrid,13,2014,2014,2014,0,,13,0,0,0,0,2,2,2,3,4
118,973,Hyundai,Grand SantaFe,119,2013,2013,2013,0,,119,0,0,0,0,19,15,13,39,33
118,974,Hyundai,Wagon,108,2011,2011,2011,0,,108,0,0,0,0,13,13,13,42,27
118,975,Hyundai,Genesis,119,2015,2015,2015,0,,119,0,0,0,0,11,12,20,46,30
118,976,Hyundai,Rohens,118,2008;2010;2011;2012;2013,2008,2013,0,,118,0,0,0,0,16,7,21,49,25
118,977,Hyundai,Rohens Coupe,119,2009;2012,2009,2012,0,,119,0,0,0,0,15,14,20,39,31
118,979,Hyundai,Veracruz,101,2007;2009;2010;2011;2012,2007,2012,0,,101,0,0,0,3,16,10,8,39,25
118,980,Hyundai,Equus,120,2009;2010;2012;2014,2009,2014,0,,120,0,0,0,0,17,6,18,48,31
118,981,Hyundai,Grandeur,119,2010;2011;2012;2014;2015,2010,2015,0,,119,0,0,0,0,15,15,11,48,30
118,982,Hyundai,i20,120,2009;2013;2015,2009,2015,0,,120,0,0,0,0,8,5,26,52,29
118,983,Hyundai,Tucson abroad vresion,94,2005;2010;2013;2014;2015,2005,2015,0,,94,0,0,0,0,9,7,19,30,29
118,984,Hyundai,i40,120,2012;2014;2015,2012,2015,0,,120,0,0,0,0,11,9,21,50,29
118,985,Hyundai,Hyundai i-oniq,17,2012,2012,2012,0,,17,0,0,0,1,0,1,3,9,3
118,987,Hyundai,i10,120,2011;2013;2014,2011,2014,0,,120,0,0,0,0,13,4,17,55,31
118,991,Hyundai,Hyundai HB20,32,2013,2013,2013,0,,32,0,0,0,0,4,2,3,12,11
118,992,Hyundai,Hyundai HND-9,23,2013,2013,2013,0,,23,0,0,0,0,1,1,9,6,6
118,993,Hyundai,Blue2,28,2011,2011,2011,0,,28,0,0,0,0,2,1,5,11,9
118,994,Hyundai,Curb,6,2011,2011,2011,0,,6,0,0,0,0,0,2,0,4,0
118,995,Hyundai,Hexa Space,12,2012,2012,2012,0,,12,0,0,0,0,2,2,3,3,2
118,996,Hyundai,Nuvis,50,2009,2009,2009,0,,50,0,0,0,0,2,0,22,14,12
118,997,Hyundai,ix20,58,2011;2013;2015,2011,2015,0,,58,0,0,0,1,7,4,8,24,14
118,999,Hyundai,Hyundai RB,21,2010,2010,2010,0,,21,0,0,0,0,3,2,3,7,6
118,1000,Hyundai,Sonata abroad version,52,2011;2014;2015,2011,2015,0,,52,0,0,0,0,4,2,15,25,6
118,1001,Hyundai,Accent abroad version,74,2010;2012;2014;2015,2010,2015,0,,74,0,0,0,2,4,1,10,41,16
118,1002,Hyundai,Elantra abroad version,120,2013;2014;2016,2013,2016,0,,120,0,0,0,0,12,10,21,46,31
118,1003,Hyundai,Intrado,27,2014,2014,2014,0,,27,0,0,0,0,4,2,9,7,5
118,1004,Hyundai,Veloster,120,2011;2012;2014;2016,2011,2016,0,,120,0,0,0,0,13,9,19,50,29
119,1819,Everus,Linian S1,120,2011;2012;2013;2014,2011,2014,0,,120,0,0,0,0,22,15,19,37,27
120,1686,Ruiqi,Riich G3,118,2010;2012,2010,2012,0,,118,0,0,0,0,15,16,19,42,26
120,1687,Ruiqi,Riich G6,125,2009;2010;2011,2009,2011,0,,125,0,0,0,0,17,16,21,38,33
120,1688,Ruiqi,Riich M1,110,2009;2010;2011,2009,2011,0,,110,0,0,0,0,19,14,18,32,27
120,1689,Ruiqi,Riich M5,104,2009;2010,2009,2010,0,,104,0,0,0,0,16,13,10,35,30
120,1691,Ruiqi,Ruiqi G5,117,2010;2011;2012,2010,2012,0,,117,0,0,0,0,22,11,13,47,24
121,671,Fuqiqiteng,Qiteng M70,120,2014,2014,2014,0,,120,0,0,0,0,16,17,24,34,29
122,585,Ford,escort,120,2014;2015,2014,2015,0,,120,0,0,0,1,21,13,21,33,31
122,586,Ford,Fiesta sedan,162,2009;2010;2011;2013,2009,2013,0,,162,0,0,0,1,29,17,26,52,37
122,587,Ford,Classic Focus hatchback,98,2008;2011;2012;2013,2008,2013,0,,98,0,0,0,0,17,12,19,30,20
122,588,Ford,Classic Focus sedan,118,2008;2011;2012;2013,2008,2013,0,,118,0,0,0,0,21,14,22,35,26
122,589,Ford,S-MAX,98,2007;2008;2011;2013;2014;2015,2007,2015,0,,98,0,0,0,0,19,5,12,38,24
122,590,Ford,New Focus hatchback,214,2006;2007;2009;2011;2012;2013,2006,2013,0,,214,0,0,0,0,36,27,36,68,47
122,591,Ford,New Focus sedan,151,2005;2009;2011;2012;2013,2005,2013,0,,151,0,0,0,0,21,18,28,49,35
122,593,Ford,Ecosport,120,2012;2013,2012,2013,0,,120,0,0,0,0,17,12,22,42,27
122,594,Ford,Kuga,120,2008;2010;2013;2014;2015,2008,2015,0,,120,0,0,0,0,14,10,22,47,27
122,595,Ford,Mendeo Zhisheng,120,2010;2011;2012;2013,2010,2013,0,,120,0,0,0,0,18,15,25,42,20
122,596,Ford,Mendeo,120,2013,2013,2013,0,,120,0,0,0,0,18,14,26,41,21
122,597,Ford,Fiesta hatchback,128,2009;2010;2011;2012;2013;2014,2009,2014,0,,128,0,0,0,0,22,16,25,32,33
122,599,Ford,Transit,91,2009;2010;2013;2014,2009,2014,0,,91,0,0,0,0,12,11,16,34,18
122,600,Ford,Focus ST,105,2012;2013;2014,2012,2014,0,,105,0,0,0,0,12,11,19,39,24
122,601,Ford,Ford F-150,119,2012;2013;2014;2015;2016,2012,2016,0,,119,0,0,0,3,16,10,25,41,24
122,602,Ford,Ford F-250,39,2006;2012,2006,2012,0,,39,0,0,0,2,5,5,3,16,8
122,603,Ford,Ford F-350,52,2011;2013;2014,2011,2014,0,,52,0,0,0,0,7,7,7,17,14
122,604,Ford,Ford F-650,51,2011;2013;2014,2011,2014,0,,51,0,0,0,0,7,5,8,19,12
122,605,Ford,Fiesta ST,63,2013,2013,2013,0,,63,0,0,0,0,8,9,15,14,17
122,606,Ford,Edge,120,2010;2011;2012;2013;2014;2015,2010,2015,0,,120,0,0,0,0,13,18,22,45,22
122,607,Ford,Explorer,120,2011;2013;2016,2011,2016,0,,120,0,0,0,0,9,8,21,52,30
122,608,Ford,Mustang,120,2012;2013;2014;2015,2012,2015,0,,120,0,0,0,0,15,15,29,29,32
122,609,Ford,Ford Ka,108,2008;2011,2008,2011,0,,108,0,0,0,2,2,0,21,56,27
122,610,Ford,Ford Flex,120,2004;2009;2013,2004,2013,0,,120,0,0,0,2,10,9,19,54,26
122,611,Ford,Ford iosis max,10,,,,10,,10,0,0,0,1,1,1,4,1,2
122,612,Ford,Ford Taurus,45,2009;2013,2009,2013,0,,45,0,0,0,0,8,3,9,21,4
122,613,Ford,Ford Fusion,120,2010;2013,2010,2013,0,,120,0,0,0,0,12,4,23,53,28
122,616,Ford,Atlas,24,2013,2013,2013,0,,24,0,0,0,0,2,2,2,10,8
122,617,Ford,Ford Transit,80,2013;2014,2013,2014,0,,80,0,0,0,2,4,1,16,41,16
122,618,Ford,Ford B-MAX,53,2011;2013,2011,2013,0,,53,0,0,0,2,3,1,9,18,20
122,619,Ford,Ford C-MAX,120,2011;2012;2013;2014;2015,2011,2015,0,,120,0,0,0,0,7,5,18,58,32
122,620,Ford,Escort,7,2013,2013,2013,0,,7,0,0,0,0,1,1,2,1,2
122,621,Ford,Airstream,28,2007,2007,2007,0,,28,0,0,0,0,1,0,4,17,6
122,622,Ford,Falcon,120,2008;2014,2008,2014,0,,120,0,0,0,0,13,4,9,74,20
122,623,Ford,Galaxy,22,2011,2011,2011,0,,22,0,0,0,0,0,0,5,10,7
122,624,Ford,Ranger,55,2008;2012,2008,2012,0,,55,0,0,0,0,1,1,3,40,10
122,625,Ford,Territory,120,2011;2012;2014,2011,2014,0,,120,0,0,0,0,14,3,15,56,32
122,626,Ford,Tourneo Courier,9,2013,2013,2013,0,,9,0,0,0,0,1,0,2,4,2
122,627,Ford,Tourneo Custom,18,2012;2013,2012,2013,0,,18,0,0,0,0,2,1,3,8,4
122,628,Ford,Vertrek,40,2011,2011,2011,0,,40,0,0,0,0,3,3,10,15,9
122,629,Ford,Ford Evos,48,2011,2011,2011,0,,48,0,0,0,0,3,2,7,20,16
122,630,Ford,S-MAX abroad version,41,2011;2013;2014,2011,2014,0,,41,0,0,0,0,3,0,19,12,7
122,631,Ford,Fiesta abroad version,13,2013,2013,2013,0,,13,0,0,0,0,0,1,6,3,3
122,632,Ford,Expedition,117,2012;2014;2015,2012,2015,0,,117,0,0,0,2,6,4,16,66,23
122,633,Ford,Super Duty,108,2013;2015,2013,2015,0,,108,0,0,0,0,7,1,8,69,23
122,634,Ford,Focus abroad version,30,2014,2014,2014,0,,30,0,0,0,0,1,1,12,8,8
122,635,Ford,Troller,3,2014,2014,2014,0,,3,0,0,0,0,1,0,0,1,1
122,636,Ford,Ford E,7,2011,2011,2011,0,,7,0,0,0,0,0,0,0,7,0
122,638,Ford,Formula,17,2012,2012,2012,0,,17,0,0,0,0,2,0,7,6,2
122,640,Ford,Taurus,42,2010;2013;2015,2010,2015,0,,42,0,0,0,0,6,4,10,11,11
123,1395,Futian,Fengjing,33,2012;2014,2012,2014,0,,33,0,0,0,0,5,4,7,9,8
123,1396,Futian,Fengjing G7,78,2014,2014,2014,0,,78,0,0,0,0,10,10,17,22,19
123,1397,Futian,Fengjing Kuaiyun,5,2012,2012,2012,0,,5,0,0,0,0,1,1,1,1,1
123,1398,Futian,Mengpaike E,119,2010;2011;2012;2013;2014,2010,2014,0,,119,0,0,0,0,20,15,19,45,20
123,1399,Futian,Mengpaike S,71,2013;2014,2013,2014,0,,71,0,0,0,0,10,7,12,23,19
123,1400,Futian,Midi,111,2009;2010;2011;2014,2009,2014,0,,111,0,0,0,0,18,15,14,40,24
123,1401,Futian,Fukuda,59,2011;2015,2011,2015,0,,59,0,0,0,0,9,7,10,21,12
123,1402,Futian,Tunland,85,2012;2014,2012,2014,0,,85,0,0,0,0,13,10,15,27,20
124,1404,Fudi,Tansuozhe,31,2010;2011;2013,2010,2013,0,,31,0,0,0,0,4,4,5,10,8
124,1405,Fudi,Tansuozhe III,36,2011;2012,2011,2012,0,,36,0,0,0,0,7,2,4,17,6
124,1406,Fudi,Xiaochaoren,27,2011;2012;2014,2011,2014,0,,27,0,0,0,0,3,1,3,12,8
124,1407,Fudi,Xiongshi,48,2011;2012,2011,2012,0,,48,0,0,0,0,10,5,6,21,6
124,1408,Fudi,Xiongshi F16,33,2012;2014,2012,2014,0,,33,0,0,0,3,5,2,5,11,7
124,1409,Fudi,Tansuozhe II,35,2010;2011,2010,2011,0,,35,0,0,0,0,6,7,1,12,9
125,780,Koenigsegg,Koenigsegg Agera,120,2011;2013;2014;2015,2011,2015,0,,120,0,0,0,4,22,11,17,40,26
125,781,Koenigsegg,Koenigsegg CCR,24,2004,2004,2004,0,,24,0,0,0,0,6,3,5,7,3
125,783,Koenigsegg,One_1,40,2014,2014,2014,0,,40,0,0,0,4,3,2,9,11,11
125,784,Koenigsegg,Koenigsegg CCXR,26,2008;2010,2008,2010,0,,26,0,0,0,0,1,2,6,13,4
126,1458,HongQi,Hong Qi H7,117,2013;2014;2015,2013,2015,0,,117,0,0,0,0,18,18,18,39,24
126,1459,HongQi,Hong Qi L5,60,2014,2014,2014,0,,60,0,0,0,0,12,9,12,14,13
126,1461,HongQi,Hong Qi SUV,11,2009,2009,2009,8,,11,0,0,0,0,3,1,3,3,1
127,1175,Luxgen,MASTER CEO,112,2011;2012;2013,2011,2013,0,,112,0,0,0,0,18,14,16,35,29
127,1176,Luxgen,7 SUV,120,2011;2012;2013;2014,2011,2014,0,,120,0,0,0,0,21,15,25,34,25
127,1177,Luxgen,Luxgen 5 Sedan,120,2013;2014;2015,2013,2015,0,,120,0,0,0,0,18,16,23,36,27
127,1178,Luxgen,You 6 SUV,120,2014,2014,2014,0,,120,0,0,0,0,17,15,27,40,21
127,1179,Luxgen,7 MPV,103,2011;2013;2015,2011,2015,0,,103,0,0,0,0,15,12,14,33,29
128,1892,SAAB,SAAB D50,119,2012;2014,2012,2014,0,,119,0,0,0,0,16,13,20,41,29
128,1893,SAAB,SAAB D70,120,2013,2013,2013,0,,120,0,0,0,0,24,15,16,38,27
128,1894,SAAB,SAAB D60,105,2012;2014;2015,2012,2015,0,,105,0,0,0,1,16,13,17,34,24
129,1247,Denza,Denza,120,2012;2013;2014,2012,2014,0,,120,0,0,0,0,15,17,28,34,26
130,1760,Yingzhi,Enranger G3,129,2014,2014,2014,0,,129,0,0,0,0,16,16,20,44,33
131,1005,Infiniti,ESQ,120,2014,2014,2014,0,,120,0,0,0,0,17,17,25,34,27
131,1006,Infiniti,Infiniti Q50,119,2013;2014,2013,2014,0,,119,0,0,0,0,19,12,21,48,19
131,1007,Infiniti,Infiniti Q50 hybrid,30,2014,2014,2014,0,,30,0,0,0,0,2,3,6,13,6
131,1008,Infiniti,Infiniti Q60,120,2010;2013;2014;2015,2010,2015,0,,120,0,0,0,3,20,11,18,36,32
131,1009,Infiniti,Infiniti Q60S,35,2009;2013,2009,2013,0,,35,0,0,0,0,5,3,6,15,6
131,1010,Infiniti,Infiniti Q70L,120,2009;2011;2012;2013;2014,2009,2014,0,,120,0,0,0,0,23,13,23,37,24
131,1011,Infiniti,Infiniti Q70L hybrid,6,2013,2013,2013,0,,6,0,0,0,0,2,0,1,2,1
131,1012,Infiniti,Infiniti QX50,112,2008;2009;2010;2011;2013;2014;2015,2008,2015,0,,112,0,0,0,0,15,13,21,30,33
131,1013,Infiniti,Infiniti QX60,120,2013;2014,2013,2014,0,,120,0,0,0,0,16,12,17,46,29
131,1014,Infiniti,Infiniti Q60 hybrid,30,2014,2014,2014,0,,30,0,0,0,0,2,2,5,13,8
131,1015,Infiniti,Infiniti QX70,120,2009;2010;2011;2013;2014;2015,2009,2015,0,,120,0,0,0,0,21,14,24,37,24
131,1016,Infiniti,Infiniti QX80,133,2011;2013;2014,2011,2014,0,,133,0,0,0,0,18,10,21,55,29
131,1017,Infiniti,Essence,53,2009,2009,2009,0,,53,0,0,0,0,9,11,10,12,11
131,1018,Infiniti,Emerg-E,39,2012,2012,2012,0,,39,0,0,0,0,4,5,6,14,10
131,1019,Infiniti,Etherea,43,2011,2011,2011,0,,43,0,0,0,2,3,4,8,16,10
131,1020,Infiniti,Infiniti LE,33,2012;2013,2012,2013,0,,33,0,0,0,0,3,2,8,12,8
131,1021,Infiniti,Infiniti Q30,44,2013;2014,2013,2014,0,,44,0,0,0,2,7,4,10,13,8
131,1022,Infiniti,Infiniti Q40,3,2015,2015,2015,0,,3,0,0,0,0,0,0,0,2,1
131,1023,Infiniti,Infiniti G Class,120,2009;2010;2012;2013,2009,2013,0,,120,0,0,0,0,15,16,21,37,31
131,1024,Infiniti,Infiniti Q50L,120,2015,2015,2015,0,,120,0,0,0,0,20,17,23,34,26
132,1222,Roewe,Roewe 350,120,2010;2011;2012;2013;2014,2010,2014,0,,120,0,0,0,0,19,16,27,30,28
132,1223,Roewe,Roewe 550 hybrid,24,2014,2014,2014,0,,24,0,0,0,0,2,1,7,10,4
132,1224,Roewe,Roewe 750,114,2009;2011;2012,2009,2012,0,,114,0,0,0,0,19,13,19,35,28
132,1225,Roewe,Roewe 750 hybrid,20,2011;2012,2011,2012,0,,20,0,0,0,0,3,4,4,5,4
132,1226,Roewe,Roewe 950,120,2012;2014;2015,2012,2015,0,,120,0,0,0,0,18,17,18,41,26
132,1227,Roewe,Roewe E50,120,2012;2013;2014,2012,2014,0,,120,0,0,0,0,20,11,22,45,22
132,1228,Roewe,Roewe W5,119,2011;2013;2014;2015,2011,2015,0,,119,0,0,0,0,22,11,24,34,28
132,1229,Roewe,Roewe 550,157,2008;2009;2010;2012;2013,2008,2013,0,,157,0,0,0,0,29,22,26,47,33
133,1602,Lotus,Jingyue,45,2009,2009,2009,0,,45,0,0,0,0,8,7,9,12,9
133,1603,Lotus,Lotus L3 hatchback,27,2009;2013,2009,2013,0,,27,0,0,0,0,5,4,5,7,6
133,1604,Lotus,Lotus L5,115,2011;2012;2013;2014,2011,2014,0,,115,0,0,0,0,19,13,17,43,23
133,1605,Lotus,Lotus L3 sedan,34,2009;2010;2013,2009,2013,0,,34,0,0,0,0,6,2,7,11,8
134,641,FIAT,Feixiang,120,2012;2013;2014;2015,2012,2015,0,,120,0,0,0,0,22,17,19,34,28
134,642,FIAT,Zhiyue,120,2014;2015,2014,2015,0,,120,0,0,0,0,22,14,23,33,28
134,643,FIAT,Palio,77,2004;2005;2006;2012,2004,2012,0,,77,0,0,0,0,5,5,14,36,17
134,645,FIAT,Bravo,120,2008;2009;2011;2013,2008,2013,0,,120,0,0,0,0,20,13,15,44,28
134,646,FIAT,FIAT 500C,25,2012,2012,2012,0,,25,0,0,0,0,3,4,6,6,6
134,647,FIAT,Freemont,120,2012;2013;2014;2015,2012,2015,0,,120,0,0,0,0,18,12,21,42,27
134,648,FIAT,Linea,67,2008,2008,2008,0,,67,0,0,0,1,9,6,10,27,14
134,649,FIAT,Punto,120,2008;2011;2012,2008,2012,0,,120,0,0,0,0,19,11,12,49,29
134,650,FIAT,FIAT Fiorino Qubo,59,2009,2009,2009,30,,59,0,0,0,0,7,3,12,24,13
134,651,FIAT,Doblo,105,2005;2010;2015,2005,2015,20,,105,0,0,0,0,3,2,16,58,26
134,653,FIAT,FIAT 500L,120,2013;2014,2013,2014,0,,120,0,0,0,0,8,4,26,58,24
134,654,FIAT,FIAT Idea,120,2011;2014,2011,2014,0,,120,0,0,0,0,11,7,17,43,42
134,655,FIAT,FIAT Panda,120,2013;2014;2015,2013,2015,0,,120,0,0,0,0,14,2,17,70,17
134,656,FIAT,FIAT Strada,28,2013,2013,2013,0,,28,0,0,0,0,1,1,6,16,4
134,657,FIAT,FIAT Uno,111,2011;2015,2011,2015,0,,111,0,0,0,2,6,5,22,45,31
134,659,FIAT,FIAT 126P,21,1972,1972,1972,0,,21,0,0,0,0,1,1,2,15,2
134,661,FIAT,FIAT 500,116,2009;2011;2012;2013;2014;2015,2009,2015,0,,116,0,0,0,0,18,13,16,42,27
135,945,Saab,SAAB 95,93,2010;2011;2012,2010,2012,0,,93,0,0,0,0,7,4,8,41,33
135,947,Saab,SAAB 9X,40,2009,2009,2009,22,,40,0,0,0,1,2,1,14,18,4
136,1778,Lancia,Lancia Flavia,82,2011;2013,2011,2013,0,,82,0,0,0,0,9,1,14,37,21
136,1779,Lancia,Lancia Thema,58,2012,2012,2012,0,,58,0,0,0,0,6,2,6,30,14
136,1780,Lancia,Lancia Voyager,45,2012,2012,2012,0,,45,0,0,0,0,5,3,4,24,9
136,1781,Lancia,Lancia Ypsilon,113,2006;2012,2006,2012,0,,113,0,0,0,0,10,3,20,50,30
136,1782,Lancia,Lancia Delta,84,2009,2009,2009,0,,84,0,0,0,1,9,2,15,43,14
136,1783,Lancia,Lancia Stratos,28,2010,2010,2010,0,,28,0,0,0,2,4,0,3,13,6
137,1728,Seat,Alhambra,120,2011;2012;2013,2011,2013,0,,120,0,0,0,0,6,3,20,57,34
137,1729,Seat,Seat IBL,23,2011;2012,2011,2012,0,,23,0,0,0,0,1,1,8,8,5
137,1730,Seat,Seat LEON,120,2012;2013;2014;2015,2012,2015,0,,120,0,0,0,0,11,7,23,37,42
137,1731,Seat,Ibiza,120,2009;2011;2012;2013;2014,2009,2014,0,,120,0,0,0,0,9,9,20,59,23
137,1732,Seat,Ibiza estate,11,2013,2013,2013,0,,11,0,0,0,0,1,1,2,4,3
137,1733,Seat,Seat ALTEA,90,2009;2011,2009,2011,0,,90,0,0,0,0,3,3,4,51,29
137,1734,Seat,Seat EXEO,120,2009;2010,2009,2010,0,,120,0,0,0,0,7,7,11,41,54
137,1735,Seat,Seat IBX,16,2011;2012,2011,2012,0,,16,0,0,0,0,2,0,4,8,2
137,1736,Seat,Seat Mii,120,2013;2014,2013,2014,0,,120,0,0,0,0,9,7,14,52,38
137,1737,Seat,Seat IBE,61,2010;2012,2010,2012,0,,61,0,0,0,1,5,6,11,26,12
138,1410,Qoros,Qoros 3,36,2013;2014,2013,2014,0,,36,0,0,0,0,5,3,6,13,9
138,1411,Qoros,Quros 9,6,2014,2014,2014,0,,6,0,0,0,0,0,0,2,2,2
138,1412,Qoros,Quros 3 hatchback,30,2014,2014,2014,0,,30,0,0,0,0,3,3,6,10,8
139,1639,Acura,Acura ILX,120,2013;2015,2013,2015,0,,120,0,0,0,0,9,8,15,48,40
139,1640,Acura,Acura MDX,120,2008;2010;2011;2013;2014,2008,2014,0,,120,0,0,0,0,19,13,28,36,24
139,1641,Acura,Acura RDX,120,2013;2015,2013,2015,0,,120,0,0,0,0,11,10,22,54,23
139,1642,Acura,Acura RL,120,2006;2008;2009;2010,2006,2010,0,,120,0,0,0,0,16,9,15,63,17
139,1643,Acura,Acura RLX,117,2013;2014;2015,2013,2015,0,,117,0,0,0,0,16,9,15,52,25
139,1644,Acura,Acura TL,120,2009;2010;2012;2014,2009,2014,0,,120,0,0,0,0,15,7,20,49,29
139,1645,Acura,Acura ZDX,120,2009;2012;2013,2009,2013,0,,120,0,0,0,0,13,11,13,54,29
139,1646,Acura,Acura NSX,96,2012;2015;2016,2012,2016,0,,96,0,0,0,2,12,12,20,29,21
139,1647,Acura,Acura SUV-X,42,2013,2013,2013,0,,42,0,0,0,0,4,2,8,15,13
139,1648,Acura,Acura TLX,120,2014;2015,2014,2015,0,,120,0,0,0,0,13,10,28,46,23
139,1649,Acura,Acura ILX hybrid,29,2013;2015,2013,2015,0,,29,0,0,0,0,3,2,4,13,7
140,1180,KIA,Forte,120,2009;2011;2012;2014,2009,2014,0,,120,0,0,0,0,28,13,17,37,25
140,1181,KIA,KIA K2 sedan,229,2011;2012;2015,2011,2015,0,,229,0,0,0,0,31,29,50,61,58
140,1182,KIA,KIA K3,119,2013;2015,2013,2015,0,,119,0,0,0,0,13,15,21,41,29
140,1183,KIA,KIA K3S,120,2014,2014,2014,0,,120,0,0,0,0,17,17,20,36,30
140,1184,KIA,KIA K4,120,2014,2014,2014,0,,120,0,0,0,0,31,10,18,38,23
140,1185,KIA,KIA K5,119,2011;2012;2014;2015,2011,2015,0,,119,0,0,0,0,22,15,14,36,32
140,1186,KIA,RIO,112,2005;2007;2012,2005,2012,0,,112,0,0,0,0,9,6,17,51,29
140,1187,KIA,Cerato,108,2005;2006;2007;2008;2010;2012,2005,2012,0,,108,0,0,0,1,21,12,9,45,20
140,1188,KIA,Sportage,119,2009;2011;2012;2013,2009,2013,0,,119,0,0,0,1,25,17,21,34,21
140,1189,KIA,Soul,122,2010;2012;2013;2014;2015,2010,2015,0,,122,0,0,0,0,13,7,23,53,26
140,1190,KIA,Sportage R,120,2011;2012;2014;2015,2011,2015,0,,120,0,0,0,0,18,17,25,35,25
140,1194,KIA,KIA K2 hatchback,70,2012,2012,2012,0,,70,0,0,0,0,10,10,12,20,18
140,1195,KIA,Borrego,120,2008;2012;2013;2015,2008,2015,0,,120,0,0,0,0,19,14,17,42,28
140,1196,KIA,KIA K5 hybrid,67,2013;2014,2013,2014,0,,67,0,0,0,0,9,7,14,22,15
140,1197,KIA,KIA VQ,133,2006;2008;2011;2012;2013,2006,2013,0,,133,0,0,0,0,19,14,19,46,35
140,1198,KIA,KIA VQ-R,30,2013,2013,2013,0,,30,0,0,0,0,2,2,6,11,9
140,1199,KIA,Shuma,118,2010;2011;2013;2014,2010,2014,0,,118,0,0,0,0,23,12,20,37,26
140,1200,KIA,Sorento,120,2009;2010;2012;2013;2014;2015,2009,2015,0,,120,0,0,0,0,15,8,14,58,25
140,1201,KIA,New Carens,113,2011;2013,2011,2013,0,,113,0,0,0,0,13,13,18,37,32
140,1202,KIA,KIA venga,119,2010;2011;2015,2010,2015,0,,119,0,0,0,1,13,9,15,63,18
140,1203,KIA,SPORTAGE,120,2005;2011;2014,2005,2014,0,,120,0,0,0,4,8,9,14,63,22
140,1204,KIA,KIA GT,36,2011;2012,2011,2012,0,,36,0,0,0,0,3,0,14,15,4
140,1205,KIA,KIA Picanto,120,2012;2015,2012,2015,0,,120,0,0,0,0,5,4,13,74,24
140,1206,KIA,KIA Ceed,120,2010;2013;2014;2015,2010,2015,0,,120,0,0,0,0,5,5,25,58,27
140,1207,KIA,KIA Trackster,20,2012;2015,2012,2015,0,,20,0,0,0,0,2,1,3,11,3
140,1209,KIA,KIA K9,51,2013;2015,2013,2015,0,,51,0,0,0,0,5,2,8,28,8
140,1210,KIA,KIA Forte,120,2010;2011;2014,2010,2014,0,,120,0,0,0,1,13,9,20,47,30
140,1211,KIA,KIA Provo,29,2013,2013,2013,0,,29,0,0,0,3,1,1,5,12,7
140,1212,KIA,KIA CUB,23,2014,2014,2014,0,,23,0,0,0,1,3,0,3,10,6
140,1213,KIA,KIA Optima,17,2014,2014,2014,0,,17,0,0,0,0,2,0,5,7,3
140,1214,KIA,KIA Cross GT,15,2013,2013,2013,0,,15,0,0,0,2,2,3,2,3,3
140,1215,KIA,KIA Ray EV,10,2012,2012,2012,0,,10,0,0,0,0,1,2,2,5,0
140,1218,KIA,KIA Niro,28,2013;2014,2013,2014,0,,28,0,0,0,0,3,2,3,16,4
140,1219,KIA,GT4 Stinger,41,2014,2014,2014,0,,41,0,0,0,1,3,3,6,17,11
140,1220,KIA,Sedona,52,2014;2015,2014,2015,0,,52,0,0,0,0,6,2,7,22,15
140,1221,KIA,Kaizun,120,2010;2012;2013;2014,2010,2014,0,,120,0,0,0,0,13,10,15,58,24
141,1820,Lotus,Elise,120,2011;2012;2014;2015,2011,2015,0,,120,0,0,0,0,14,10,16,47,33
141,1821,Lotus,Exige,120,2011;2012;2013;2014,2011,2014,0,,120,0,0,0,3,9,9,15,47,37
141,1822,Lotus,Elan,22,1962;2010,1962,2010,0,,22,0,0,0,0,3,4,3,7,5
141,1823,Lotus,Elite,15,2010,2010,2010,0,,15,0,0,0,0,3,3,2,5,2
141,1824,Lotus,Eterne,12,2010,2010,2010,0,,12,0,0,0,0,2,2,3,4,1
141,1825,Lotus,Evora,120,2011;2012;2013;2015,2011,2015,0,,120,0,0,0,4,12,8,12,53,31
142,1134,LAND-ROVER,Discovery,140,2010;2011;2012;2013;2014;2015,2010,2015,0,,140,0,0,0,0,21,13,28,51,27
142,1135,LAND-ROVER,Range Rover,119,2010;2011;2012;2013;2014;2015,2010,2015,0,,119,0,0,0,0,19,16,20,35,29
142,1136,LAND-ROVER,Range Rover hybrid,10,2014,2014,2014,0,,10,0,0,0,0,3,0,0,5,2
142,1137,LAND-ROVER,Evoque,120,2012;2013;2014;2015,2012,2015,0,,120,0,0,0,1,23,20,25,26,25
142,1138,LAND-ROVER,Range Rover Sport,126,2010;2011;2012;2013;2014,2010,2014,0,,126,0,0,0,0,17,14,21,41,33
142,1140,LAND-ROVER,Freelander,136,2010;2011;2012;2013;2014;2015,2010,2015,0,,136,0,0,0,0,20,16,23,38,39
142,1141,LAND-ROVER,Defender,118,2004;2013;2014;2015,2004,2015,0,,118,0,0,0,0,17,9,10,62,20
142,1142,LAND-ROVER,Land Rover DC100,113,2011;2012,2011,2012,0,,113,0,0,0,2,9,4,32,35,31
142,1143,LAND-ROVER,‘Vision,45,2014,2014,2014,0,,45,0,0,0,2,4,3,14,14,8
143,1837,McLaren,McLaren 12C,120,2011;2012;2013;2014,2011,2014,0,,120,0,0,0,2,15,10,19,52,22
143,1838,McLaren,McLaren P1,120,2012;2014;2015,2012,2015,0,,120,0,0,0,3,9,18,15,44,31
143,1840,McLaren,McLaren X-1,29,2012,2012,2012,0,,29,0,0,0,0,6,4,2,9,8
143,1841,McLaren,McLaren 650S,120,2014;2015,2014,2015,0,,120,0,0,0,2,19,10,17,49,23
144,1638,Maybach,Maybach,63,2007;2010;2011,2007,2011,0,,63,0,0,0,0,11,1,12,30,9
145,517,Dodge,Ram,58,2012;2013;2014,2012,2014,0,,58,0,0,0,0,6,2,9,28,13
145,518,Dodge,Journey,120,2009;2010;2011;2013;2014,2009,2014,0,,120,0,0,0,1,20,11,19,38,31
145,519,Dodge,Challenger,120,2011;2014;2015,2011,2015,0,,120,0,0,0,3,22,10,14,42,29
145,520,Dodge,Durango,120,2011;2014,2011,2014,0,,120,0,0,0,0,12,6,13,63,26
145,521,Dodge,Avenger,109,2007;2008;2011;2013;2014,2007,2014,0,,109,0,0,0,0,12,8,7,54,28
145,522,Dodge,Dart,120,2013;2014,2013,2014,0,,120,0,0,0,0,15,10,13,48,34
145,523,Dodge,Charger,120,2012;2013;2014;2015,2012,2015,0,,120,0,0,0,1,21,11,11,47,29
145,524,Dodge,Viper,120,2013;2014;2015,2013,2015,0,,120,0,0,0,5,18,5,10,51,31
145,525,Dodge,Circuit EV,26,2009,2009,2009,0,,26,0,0,0,0,3,2,5,13,3
145,526,Dodge,Rampage,113,2006;2011;2013;2014;2015,2006,2015,0,,113,0,0,0,0,15,8,13,51,26
145,527,Dodge,Dodge M80,27,2002,2002,2002,0,,27,0,0,0,0,1,0,0,18,8
145,528,Dodge,Nitro,20,2007,2007,2007,0,,20,0,0,0,0,3,1,2,8,6
145,529,Dodge,Charger SRT,120,2012;2013;2014;2015,2012,2015,0,,120,0,0,0,1,12,7,11,59,30
145,530,Dodge,Challenger SRT,120,2012;2015,2012,2015,0,,120,0,0,0,0,13,6,12,59,30
145,531,Dodge,Viper SRT,4,2014,2014,2014,0,,4,0,0,0,0,0,0,0,3,1
145,532,Dodge,Caliber,132,2008;2009;2010;2011,2008,2011,0,,132,0,0,0,0,21,16,19,45,31
146,1739,Mustang,Mustang F16,52,2011;2014,2011,2014,0,,52,0,0,0,1,10,6,8,15,12
146,1740,Mustang,Mustang F99,91,2009;2010;2012,2009,2012,0,,91,0,0,0,0,14,8,10,45,14
146,1741,Mustang,Mustang A-MPV,8,2012,2012,2012,0,,8,0,0,0,0,2,2,2,2,0
146,1742,Mustang,Mustang T70,35,2012;2015,2012,2015,0,,35,0,0,0,0,6,6,5,10,8
146,1743,Mustang,Mustang M31D,8,2012,2012,2012,0,,8,0,0,0,0,0,2,2,2,2
146,1744,Mustang,Mustang M302,14,2013,2013,2013,0,,14,0,0,0,0,3,3,2,4,2
146,1745,Mustang,Mustang F12,104,2011;2012;2014,2011,2014,0,,104,0,0,0,0,17,13,19,30,25
147,1553,Jinlv,Jinlvhaishi,13,2010,2010,2010,0,,13,0,0,0,0,1,1,2,7,2
148,1554,Jinbei,Dahaishi,118,2010;2011;2012;2013,2010,2013,0,,118,0,0,0,0,17,11,12,45,33
148,1555,Jinbei,Geruisi,115,2008;2009;2010;2013;2014,2008,2014,0,,115,0,0,0,1,15,12,15,50,22
148,1556,Jinbei,Haishi,105,2008;2011;2012;2014,2008,2014,0,,105,0,0,0,0,17,14,13,37,24
148,1557,Jinbei,Haixing,12,2011;2012,2011,2012,0,,12,0,0,0,0,2,2,1,5,2
148,1558,Jinbei,Jinbei S50,75,2011,2011,2011,0,,75,0,0,0,0,13,9,15,25,13
148,1559,Jinbei,Jindian,11,2009;2014,2009,2014,0,,11,0,0,0,0,1,1,1,6,2
148,1560,Jinbei,Leilong,26,2009;2014,2009,2014,0,,26,0,0,0,0,3,2,6,11,4
148,1562,Jinbei,New Haishi,83,2013;2014,2013,2014,0,,83,0,0,0,0,10,9,16,26,22
148,1563,Jinbei,Zhishang S30,120,2012;2013;2014;2015,2012,2015,0,,120,0,0,0,1,17,15,21,42,24
148,1564,Jinbei,Dalishen,24,2009;2013;2014,2009,2014,0,,24,0,0,0,0,1,3,4,13,3
149,1790,Suzuki,Alto,120,2009;2010;2012;2013,2009,2013,0,,120,0,0,0,0,18,18,23,29,32
149,1791,Suzuki,Cultus,119,2004;2007;2009;2011;2012;2013,2004,2013,0,,119,0,0,0,0,18,13,20,45,23
149,1792,Suzuki,Alivio,120,2014;2015,2014,2015,0,,120,0,0,0,2,14,13,25,39,27
149,1793,Suzuki,Tianyu SX4 hatchback,120,2009;2011;2012;2013,2009,2013,0,,120,0,0,0,0,24,20,24,24,28
149,1794,Suzuki,Tianyu SX4 sedan,29,2009,2009,2009,0,,29,0,0,0,0,9,3,3,10,4
149,1795,Suzuki,Tianyushangyue,109,2011;2012;2013,2011,2013,0,,109,0,0,0,0,17,15,11,42,24
149,1796,Suzuki,Yuyan,119,2010;2011;2012;2013;2014,2010,2014,0,,119,0,0,0,4,17,16,24,36,22
149,1797,Suzuki,Fengyu,120,2014,2014,2014,0,,120,0,0,0,0,23,11,19,41,26
149,1798,Suzuki,Grand Vitara,116,2008;2009;2011;2012;2013;2015,2008,2015,0,,116,0,0,0,0,15,11,21,41,28
149,1799,Suzuki,Kazishi,119,2010;2011;2012;2014,2010,2014,0,,119,0,0,0,0,19,18,22,32,28
149,1800,Suzuki,Swift,120,2010;2012;2013;2014,2010,2014,0,,120,0,0,0,1,8,8,25,51,27
149,1801,Suzuki,S-CROSS abroad version,26,2013,2013,2013,0,,26,0,0,0,0,5,2,4,9,6
149,1802,Suzuki,SX4 S-CROSS,11,2013,2013,2013,0,,11,0,0,0,0,1,1,2,4,3
149,1804,Suzuki,Regina,5,2012,2012,2012,0,,5,0,0,0,0,0,0,0,3,2
149,1805,Suzuki,Authentics,9,2013,2013,2013,0,,9,0,0,0,0,2,1,1,3,2
149,1806,Suzuki,Suzuki iV-4,37,2013;2014,2013,2014,0,,37,0,0,0,0,7,2,11,9,8
149,1808,Suzuki,Crosshiker,6,2014,2014,2014,0,,6,0,0,0,0,0,1,0,2,3
149,1809,Suzuki,X-Lander,9,2014,2014,2014,0,,9,0,0,0,0,1,0,0,5,3
149,1811,Suzuki,Jimny,117,2011;2012;2015,2011,2015,0,,117,0,0,0,0,17,15,16,40,29
149,1812,Suzuki,Bei Douxing,117,2010;2011;2012;2013;2014,2010,2014,0,,117,0,0,0,0,21,14,21,34,27
149,1813,Suzuki,Liana A6 hatchback,19,2013;2014,2013,2014,0,,19,0,0,0,2,2,2,5,5,3
149,1814,Suzuki,Liana A6 sedan,34,2013;2014,2013,2014,0,,34,0,0,0,2,3,4,5,12,8
149,1815,Suzuki,Liana hatchback,64,2008;2011;2012,2008,2012,0,,64,0,0,0,0,11,7,9,19,18
149,1816,Suzuki,Liana sedan,13,2008,2008,2008,0,,13,0,0,0,0,3,1,1,4,4
149,1817,Suzuki,Splash,119,2012,2012,2012,0,,119,0,0,0,1,20,10,16,45,27
149,1818,Suzuki,Landy,96,2007;2009;2010;2011,2007,2011,0,,96,0,0,0,0,18,10,19,32,17
150,377,GreatWall,Great Wall C20R,120,2011;2013;2014,2011,2014,0,,120,0,0,0,1,12,16,19,39,33
150,378,GreatWall,Great Wall C50,120,2012;2013;2014,2012,2014,0,,120,0,0,0,0,20,19,23,34,24
150,379,GreatWall,Great Wall M1,94,2009;2010,2009,2010,0,,94,0,0,0,0,15,10,15,33,21
150,380,GreatWall,Great Wall M2,120,2010;2012;2013;2014,2010,2014,0,,120,0,0,0,0,20,14,19,41,26
150,381,GreatWall,Great Wall M4,120,2012;2013;2014,2012,2014,0,,120,0,0,0,0,16,18,24,33,29
150,382,GreatWall,Great Wall V80,118,2009;2011;2012;2013,2009,2013,0,,118,0,0,0,0,14,11,16,50,27
150,383,GreatWall,Wingle 3,36,2007;2011,2007,2011,0,,36,0,0,0,0,4,3,4,18,7
150,384,GreatWall,Wingle 5,113,2011;2012;2013,2011,2013,0,,113,0,0,0,0,20,13,18,40,22
150,385,GreatWall,Wingle 6,117,2014,2014,2014,0,,117,0,0,0,1,16,15,23,34,28
150,386,GreatWall,Jindier,21,2008,2008,2008,0,,21,0,0,0,0,2,2,4,9,4
150,387,GreatWall,Jingling,78,2008;2009,2008,2009,0,,78,0,0,0,0,11,8,11,29,19
150,388,GreatWall,Kuxiong,109,2009;2010,2009,2010,0,,109,0,0,0,1,19,12,16,39,22
150,389,GreatWall,Lingao,110,2010;2011,2010,2011,0,,110,0,0,0,0,13,11,9,48,29
150,391,GreatWall,Xuanli,114,2008;2009;2010;2011,2008,2011,0,,114,0,0,0,0,18,12,12,45,27
150,392,GreatWall,Xuanli CROSS,117,2009;2010;2011,2009,2011,0,,117,0,0,0,0,16,14,26,36,25
150,393,GreatWall,Oula,38,2008;2013,2008,2013,0,,38,0,0,0,0,7,3,8,12,8
150,394,GreatWall,Great Wall C70,28,2010;2011,2010,2011,0,,28,0,0,0,0,6,3,3,12,4
150,396,GreatWall,Great Wall C30,120,2010;2012;2013;2014;2015,2010,2015,0,,120,0,0,0,0,22,21,23,29,25
151,420,Changan Business,Changan Ounuo,117,2012;2013;2014;2015,2012,2015,0,,117,0,0,0,0,17,12,23,39,26
151,421,Changan Business,Changan Xiaoka,2,2010,2010,2010,0,,2,0,0,0,0,0,0,0,2,0
151,423,Changan Business,Changan Xingka,21,2009;2013,2009,2013,0,,21,0,0,0,0,2,2,4,8,5
151,424,Changan Business,Changan Star,119,2009;2012;2013,2009,2013,0,,119,0,0,0,0,10,10,22,46,31
151,425,Changan Business,Changan Star 7,87,2010;2011;2014,2010,2014,0,,87,0,0,0,0,11,11,20,23,22
151,426,Changan Business,Changan Star S460,27,2009;2011,2009,2011,0,,27,0,0,0,0,3,3,4,10,7
151,427,Changan Business,Oulove,119,2013;2014;2015,2013,2015,0,,119,0,0,0,2,17,16,21,42,21
151,428,Changan Business,Zunxing,46,2013;2014,2013,2014,0,,46,0,0,0,0,8,5,10,17,6
151,429,Changan Business,Ruixing,99,2013;2014,2013,2014,0,,99,0,0,0,1,9,10,21,38,20
151,430,Changan Business,Changan Shenqi,32,2012;2014,2012,2014,0,,32,0,0,0,0,4,4,8,9,7
152,397,Changan,Benben,120,2014,2014,2014,0,,120,0,0,0,7,17,14,22,34,26
152,398,Changan,Benben MINI,119,2010;2011;2012,2010,2012,0,,119,0,0,0,0,22,17,23,29,28
152,399,Changan,Changan CS35,120,2012;2014,2012,2014,0,,120,0,0,0,1,17,15,19,43,25
152,400,Changan,Changan CS75,120,2014,2014,2014,0,,120,0,0,0,0,24,11,20,40,25
152,401,Changan,Changan CX20,120,2011;2014,2011,2014,0,,120,0,0,0,3,19,15,24,31,28
152,402,Changan,Changan CS30 hatchback,37,2010,2010,2010,0,,37,0,0,0,0,7,3,8,12,7
152,403,Changan,Changan CS30 sedan,73,2011;2012,2011,2012,0,,73,0,0,0,0,10,9,17,19,18
152,405,Changan,Yidong,111,2012;2013;2014;2015,2012,2015,0,,111,0,0,0,1,18,16,18,34,24
152,406,Changan,Yuexiang V3,120,2012,2012,2012,0,,120,0,0,0,0,20,14,18,44,24
152,407,Changan,Yuexiang V5,120,2012,2012,2012,0,,120,0,0,0,0,18,15,18,37,32
152,409,Changan,Yuexiang hatchback,48,2009;2010,2009,2010,0,,48,0,0,0,0,10,5,6,13,14
152,410,Changan,Yuexiang sedan,161,2009;2010;2011;2012;2013,2009,2013,0,,161,0,0,0,0,27,25,29,43,37
152,411,Changan,Zhishang XT,115,2013;2015,2013,2015,0,,115,0,0,0,0,19,11,20,40,25
152,412,Changan,Ruiping,112,2013;2014,2013,2014,0,,112,0,0,0,0,21,11,14,42,24
152,413,Changan,Zhixiang,86,2008;2009,2008,2009,0,,86,0,0,0,0,19,11,11,33,12
152,414,Changan,Changan SENSE,14,2011,2011,2011,0,,14,0,0,0,0,4,2,2,2,4
152,416,Changan,Changan CS95,16,2013,2013,2013,0,,16,0,0,0,0,3,3,2,5,3
152,417,Changan,Changan VOSS,11,2011,2011,2011,0,,11,0,0,0,0,2,0,1,6,2
152,419,Changan,Benben LOVE,67,2010,2010,2010,0,,67,0,0,0,0,9,5,9,28,16
153,1746,Alfa Romeo,MiTo,120,2009;2010;2014;2015,2009,2015,0,,120,0,0,0,0,5,4,18,68,25
153,1747,Alfa Romeo,159,41,2009;2010,2009,2010,0,,41,0,0,0,0,2,1,9,16,13
153,1748,Alfa Romeo,Giulietta,120,2011;2013;2014;2015,2011,2015,0,,120,0,0,0,0,12,3,9,75,21
153,1749,Alfa Romeo,4C,120,2011;2012;2014;2015;2016,2011,2016,0,,120,0,0,0,7,13,8,23,40,29
153,1750,Alfa Romeo,2uettottanta,15,2010;2012,2010,2012,0,,15,0,0,0,0,2,2,5,4,2
153,1751,Alfa Romeo,TZ3,19,2010,2010,2010,0,,19,0,0,0,5,3,3,4,3,1
153,1752,Alfa Romeo,Disco Volante,51,2012;2013,2012,2013,0,,51,0,0,0,7,10,7,3,12,12
153,1755,Alfa Romeo,Gloria,16,2013,2013,2013,0,,16,0,0,0,0,5,2,3,5,1
153,1756,Alfa Romeo,8C,72,2009,2009,2009,0,,72,0,0,0,0,2,4,10,37,19
154,1051,Aston Martin,DB9,120,2007;2011;2013;2014,2007,2014,0,,120,0,0,0,1,10,3,20,62,24
154,1052,Aston Martin,Rapide,120,2010;2013;2014;2015,2010,2015,0,,120,0,0,0,0,17,6,10,60,27
154,1053,Aston Martin,V12 Vantage,120,2009;2012;2014;2015,2009,2015,0,,120,0,0,0,2,11,4,23,51,29
154,1054,Aston Martin,V8 Vantage,115,2011;2012;2013;2014;2015,2011,2015,0,,115,0,0,0,1,11,6,13,52,32
154,1055,Aston Martin,Vanquish,120,2013;2014;2015,2013,2015,0,,120,0,0,0,0,7,5,16,54,38
154,1056,Aston Martin,Virage,118,2012;2014,2012,2014,0,,118,0,0,0,1,9,10,7,54,37
154,1057,Aston Martin,Zagato,35,2011;2012;2013,2011,2013,0,,35,0,0,0,0,4,2,7,13,9
154,1058,Aston Martin,ONE-77,90,2010;2013,2010,2013,24,,90,0,0,0,1,11,6,14,33,25
154,1059,Aston Martin,Cygnet,102,2009;2011;2012;2013,2009,2013,0,,102,0,0,0,0,13,7,18,41,23
154,1060,Aston Martin,Lagonda,52,2009;2013;2015;2016,2009,2016,0,,52,0,0,0,0,4,1,16,17,14
154,1061,Aston Martin,CC100,26,2013,2013,2013,0,,26,0,0,0,0,3,0,4,10,9
154,1062,Aston Martin,DB5,12,1963,1963,1963,0,,12,0,0,0,0,1,1,3,4,3
154,1063,Aston Martin,DBS,108,2007;2009;2010;2011;2012,2007,2012,0,,108,0,0,0,2,14,10,6,44,32
155,808,Lufeng,Fshion,37,2010;2011,2010,2011,0,,37,0,0,0,0,5,5,6,14,7
155,811,Lufeng,Landwind X8,119,2009;2011;2012;2014;2015,2009,2015,0,,119,0,0,0,0,23,10,15,47,24
155,814,Lufeng,Landwind X5,119,2013;2014,2013,2014,0,,119,0,0,0,0,17,13,23,41,25
156,1700,Shanqitongjia,Fujia,38,2011;2014,2011,2014,0,,38,0,0,0,0,4,2,10,15,7
157,1905,Chevy,AVEO hatchback,140,2011;2014,2011,2014,0,,140,0,0,0,0,19,19,28,38,36
157,1906,Chevy,Trax,119,2014,2014,2014,0,,119,0,0,0,2,17,11,25,36,28
157,1907,Chevy,Epica,115,2006;2007;2010;2011;2012;2013,2006,2013,0,,115,0,0,0,0,16,15,19,39,26
157,1908,Chevy,Cruze sedan,167,2009;2010;2011;2012;2013;2014;2015,2009,2015,0,,167,0,0,0,0,26,28,33,41,39
157,1909,Chevy,Cruze hatchback,102,2013,2013,2013,0,,102,0,0,0,0,12,13,21,28,28
157,1910,Chevy,Captiva,120,2010;2011;2012;2013;2014,2010,2014,0,,120,0,0,0,0,17,16,29,33,25
157,1911,Chevy,Aveo,133,2008;2009;2010,2008,2010,0,,133,0,0,0,0,18,21,18,45,31
157,1912,Chevy,Lova,119,2009;2010,2009,2010,0,,119,0,0,0,0,20,14,15,41,29
157,1913,Chevy,Malibu,120,2012;2013;2014,2012,2014,0,,120,0,0,0,0,20,18,22,36,24
157,1914,Chevy,Sail hatchback,143,2010;2011;2013;2014,2010,2014,0,,143,0,0,0,1,28,19,29,33,33
157,1915,Chevy,Sail sedan,288,2010;2011;2013;2014,2010,2014,0,,288,0,0,0,1,40,34,57,86,70
157,1916,Chevy,Sail SPRINGO,113,2010;2012;2013;2015,2010,2015,0,,113,0,0,0,0,18,17,23,28,27
157,1917,Chevy,Aveo sedan,237,2011;2013;2014,2011,2014,0,,237,0,0,0,0,30,31,49,66,61
157,1918,Chevy,Volt,120,2011;2012;2014;2015,2011,2015,0,,120,0,0,0,3,13,4,16,58,26
157,1920,Chevy,Spark,114,2011;2013;2014,2011,2014,0,,114,0,0,0,0,12,8,19,47,28
157,1921,Chevy,CHEVY Traverse,53,2009;2013,2009,2013,0,,53,0,0,0,0,7,5,5,24,12
157,1922,Chevy,CHEVY Beat,10,2007,2007,2007,0,,10,0,0,0,0,0,0,1,6,3
157,1924,Chevy,CHEVY Orlando,69,2009;2012,2009,2012,0,,69,0,0,0,0,3,3,9,41,13
157,1925,Chevy,Sonic,120,2010;2012;2013;2014,2010,2014,0,,120,0,0,0,0,11,9,19,48,33
157,1926,Chevy,Cruze abroad version,120,2011;2013;2014;2015,2011,2015,0,,120,0,0,0,0,8,9,15,57,31
157,1927,Chevy,CHEVY Trax,116,2014;2015,2014,2015,0,,116,0,0,0,0,11,10,24,45,26
157,1928,Chevy,Corvette,120,2010;2012;2013;2014;2015,2010,2015,0,,120,0,0,0,3,13,11,19,44,30
157,1929,Chevy,Silverado,120,2014;2015,2014,2015,0,,120,0,0,0,0,13,8,19,56,24
157,1930,Chevy,CHEVY SS,89,2014,2014,2014,0,,89,0,0,0,0,6,7,7,42,27
157,1931,Chevy,Agile,22,2010,2010,2010,0,,22,0,0,0,0,0,0,1,14,7
157,1932,Chevy,Caprice,14,2012,2012,2012,0,,14,0,0,0,0,2,2,2,4,4
157,1933,Chevy,Colorado,98,2011;2012;2014;2015,2011,2015,0,,98,0,0,0,2,6,4,12,47,27
157,1934,Chevy,Equinox,91,2005;2008;2010;2013;2015;2016,2005,2016,0,,91,0,0,0,0,6,3,13,44,25
157,1935,Chevy,Impala,83,2014,2014,2014,0,,83,0,0,0,0,10,6,18,32,17
157,1936,Chevy,TrailBlazer,8,2013,2013,2013,0,,8,0,0,0,0,1,0,0,3,4
157,1937,Chevy,Cobalt,9,2011,2011,2011,0,,9,0,0,0,0,0,0,3,3,3
157,1938,Chevy,CHEVY Code,45,2012,2012,2012,0,,45,0,0,0,0,8,2,11,17,7
157,1939,Chevy,CHEVY Miray,28,2011,2011,2011,0,,28,0,0,0,0,5,1,8,10,4
157,1940,Chevy,CHEVY Onix,17,2013;2014,2013,2014,0,,17,0,0,0,2,0,0,2,7,6
157,1941,Chevy,CHEVY Tahoe,91,2002;2007;2015,2002,2015,0,,91,0,0,0,0,5,1,13,57,15
157,1942,Chevy,CHEVY Tru,33,2012,2012,2012,0,,33,0,0,0,0,5,1,7,14,6
157,1943,Chevy,Express,13,2004,2004,2004,0,,13,0,0,0,0,0,0,2,9,2
157,1944,Chevy,Suburban,49,2007;2015,2007,2015,0,,49,0,0,0,0,4,1,5,25,14
157,1945,Chevy,City Express,7,2015,2015,2015,0,,7,0,0,0,0,2,0,0,4,1
157,1946,Chevy,Camaro,113,2010;2011;2012;2013;2014;2015,2010,2015,0,,113,0,0,0,0,14,11,22,40,26
158,1250,Citroen,C2 Cross,13,2013,2013,2013,0,,13,0,0,0,0,1,2,2,4,4
158,1251,Citroen,c-Elysee sedan,147,2008;2010;2011;2012;2013,2008,2013,0,,147,0,0,0,0,22,15,27,47,36
158,1252,Citroen,Triomphe,118,2006;2008;2010,2006,2010,0,,118,0,0,0,0,21,18,21,35,23
158,1253,Citroen,Elysee,120,2013;2014,2013,2014,0,,120,0,0,0,0,14,15,28,34,29
158,1254,Citroen,Quatre Cross,62,2013,2013,2013,0,,62,0,0,0,0,7,6,10,22,17
158,1255,Citroen,Quatre hatchback,118,2008;2010;2011;2012;2013,2008,2013,0,,118,0,0,0,0,19,14,18,43,24
158,1256,Citroen,Quatre sedan,142,2009;2010;2011;2012;2013;2014,2009,2014,0,,142,0,0,0,0,23,18,28,38,35
158,1257,Citroen,Citroen C2,118,2010;2012;2013,2010,2013,0,,118,0,0,0,0,16,15,23,36,28
158,1258,Citroen,Citroen C4L,120,2013;2014,2013,2014,0,,120,0,0,0,0,19,12,19,43,27
158,1259,Citroen,Citroen C5,171,2009;2010;2011;2012;2013;2014,2009,2014,0,,171,0,0,0,0,24,18,33,50,46
158,1264,Citroen,c-Elysee hatchback,52,2009;2010;2011,2009,2011,0,,52,0,0,0,0,9,7,6,16,14
158,1265,Citroen,C4 Aircross,119,2012;2013,2012,2013,0,,119,0,0,0,0,20,12,11,44,32
158,1266,Citroen,Citroen C4,119,2006;2009;2011;2013;2015,2006,2015,0,,119,0,0,0,0,10,9,19,50,31
158,1267,Citroen,Citroen C3,120,2004;2008;2010;2014,2004,2014,0,,120,0,0,0,6,9,2,21,46,36
158,1269,Citroen,C3 Picasso,72,2009;2012,2009,2012,5,,72,0,0,0,0,9,6,8,35,14
158,1270,Citroen,C-Zero,81,2011;2012,2011,2012,0,,81,0,0,0,0,6,5,17,40,13
158,1274,Citroen,Citroen C-Elysee,10,2013,2013,2013,0,,10,0,0,0,0,0,0,2,4,4
158,1275,Citroen,Technospace,28,2013,2013,2013,0,,28,0,0,0,0,3,2,7,8,8
158,1276,Citroen,Lacoste,28,2010,2010,2010,0,,28,0,0,0,2,1,2,6,8,9
158,1277,Citroen,Metropolis,24,2010,2010,2010,0,,24,0,0,0,2,4,0,5,11,2
158,1278,Citroen,REVOLTe,20,2009,2009,2009,0,,20,0,0,0,3,3,0,7,3,4
158,1279,Citroen,Survolt,56,2010;2011,2010,2011,0,,56,0,0,0,3,6,6,8,20,13
158,1280,Citroen,Tubik,20,2011,2011,2011,0,,20,0,0,0,0,1,0,7,8,4
158,1281,Citroen,Citroen C-Crosser,29,2007,2007,2007,0,,29,0,0,0,0,0,0,3,16,10
158,1282,Citroen,Citroen GQ,12,2010,2010,2010,0,,12,0,0,0,0,2,0,2,4,4
158,1283,Citroen,Citroen GT,75,2008,2008,2008,0,,75,0,0,0,5,16,6,16,16,16
158,1284,Citroen,Cactus,118,2013;2014,2013,2014,0,,118,0,0,0,6,15,4,26,40,27
158,1285,Citroen,Citroen C1,120,2013;2015,2013,2015,0,,120,0,0,0,1,10,4,26,55,24
158,1286,Citroen,B14,3,1926,1926,1926,0,,3,0,0,0,0,1,0,1,1,0
158,1287,Citroen,Grand C4 Picasso,120,2009;2011;2014,2009,2014,0,,120,0,0,0,1,11,10,19,43,36
159,1565,Lexus,Lexus CT,120,2012;2013;2014,2012,2014,0,,120,0,0,0,0,23,17,23,34,23
159,1566,Lexus,Lexus ES hybrid,30,2013,2013,2013,0,,30,0,0,0,0,4,4,7,7,8
159,1567,Lexus,Lexus GS,118,2010;2012;2014;2015,2010,2015,0,,118,0,0,0,0,15,12,19,43,29
159,1568,Lexus,Lexus GS hybrid,120,2009;2010;2012;2014,2009,2014,0,,120,0,0,0,1,21,19,25,30,24
159,1569,Lexus,Lexus GX,120,2004;2010;2012;2014,2004,2014,0,,120,0,0,0,0,12,10,17,56,25
159,1570,Lexus,Lexus IS,120,2011;2013;2014;2015,2011,2015,0,,120,0,0,0,0,19,13,18,42,28
159,1571,Lexus,Lexus IS convertible,76,2009;2010;2011,2009,2011,0,,76,0,0,0,0,15,7,10,22,22
159,1572,Lexus,Lexus LF-A,120,2008;2011;2012,2008,2012,0,,120,0,0,0,0,15,9,13,55,28
159,1573,Lexus,Lexus LS,120,2010;2011;2013;2014;2015,2010,2015,0,,120,0,0,0,3,17,10,17,48,25
159,1574,Lexus,Lexus LS hybrid,37,2010;2013;2014,2010,2014,0,,37,0,0,0,0,7,4,9,10,7
159,1575,Lexus,Lexus LX,119,2005;2007;2009;2012;2013;2014,2005,2014,0,,119,0,0,0,0,11,7,23,55,23
159,1576,Lexus,Lexus RC,120,2014;2015,2014,2015,0,,120,0,0,0,1,12,13,21,52,21
159,1577,Lexus,Lexus RX,124,2007;2010;2011;2012;2013;2014,2007,2014,0,,124,0,0,0,0,24,18,22,30,30
159,1578,Lexus,Lexus RX hybrid,47,2009;2012;2013,2009,2013,0,,47,0,0,0,0,8,7,8,11,13
159,1580,Lexus,Lexus LF-Xh,45,2008,2008,2008,0,,45,0,0,0,0,3,3,7,19,13
159,1581,Lexus,Lexus HS,120,2010;2011,2010,2011,0,,120,0,0,0,0,5,3,22,74,16
159,1582,Lexus,Lexus LF-LC,69,2012,2012,2012,0,,69,0,0,0,0,12,4,13,28,12
159,1583,Lexus,Lexus LF-CC,51,2012,2012,2012,0,,51,0,0,0,0,7,5,9,18,12
159,1584,Lexus,Lexus LF-Gh,61,2011,2011,2011,0,,61,0,0,0,0,10,5,12,20,14
159,1585,Lexus,Lexus LF-NX,53,2013,2013,2013,0,,53,0,0,0,1,5,3,12,21,11
159,1586,Lexus,Lexus NX,120,2014;2015,2014,2015,0,,120,0,0,0,0,18,10,20,36,36
159,1587,Lexus,Lexus ES,119,1993;2005;2006;2013;2014,1993,2014,0,,119,0,0,0,0,19,16,14,41,29
160,785,Renault,Renault Scenic,3,2012,2012,2012,0,,3,0,0,0,0,0,0,0,2,1
160,786,Renault,Wind Lang,119,2011;2013;2015,2011,2015,0,,119,0,0,0,0,15,13,19,51,21
160,787,Renault,Koleos,130,2009;2010;2012;2013;2014,2009,2014,0,,130,0,0,0,0,21,21,28,30,30
160,788,Renault,Laguna,120,2008;2009;2011;2012,2008,2012,0,,120,0,0,0,0,16,14,19,43,28
160,789,Renault,Laguna Gu Bbe,8,2012,2012,2012,0,,8,0,0,0,0,1,1,2,2,2
160,790,Renault,Megan Aa,120,2011;2014;2015,2011,2015,0,,120,0,0,0,11,4,2,10,65,28
160,791,Renault,Tower Siman,120,2012;2013,2012,2013,0,,120,0,0,0,0,18,12,24,39,27
160,792,Renault,Latitude,120,2011;2013,2011,2013,0,,120,0,0,0,2,22,12,14,46,24
160,793,Renault,Cleo,91,2009;2010;2013;2014,2009,2014,0,,91,0,0,0,5,11,5,14,30,26
160,794,Renault,Reno Wind,72,2011,2011,2011,0,,72,0,0,0,0,3,3,18,32,16
160,795,Renault,Reno Captur,120,2011;2014,2011,2014,0,,120,0,0,0,5,7,4,25,46,33
160,796,Renault,Reno Frendzy,18,2011,2011,2011,0,,18,0,0,0,0,1,0,5,9,3
160,797,Renault,Reno ZOE,112,2013,2013,2013,0,,112,0,0,0,0,9,8,19,49,27
160,798,Renault,Reno Twizy,61,2013;2015,2013,2015,0,,61,0,0,0,0,8,7,11,22,13
160,799,Renault,Reno Symbol,56,2009;2013,2009,2013,0,,56,0,0,0,0,0,0,10,26,20
160,800,Renault,Reno R-Space,23,2011,2011,2011,0,,23,0,0,0,3,2,2,5,4,7
160,801,Renault,Reno Twingo,120,2012;2013;2014;2015,2012,2015,0,,120,0,0,0,9,8,2,21,65,15
160,802,Renault,Reno Alpine,105,2012;2013;2015,2012,2015,0,,105,0,0,0,6,17,10,15,47,10
160,803,Renault,Reno Twin-Run,51,2013,2013,2013,0,,51,0,0,0,4,3,0,9,23,12
160,804,Renault,Reno Twin-Z,41,2013;2014,2013,2014,0,,41,0,0,0,5,5,7,11,5,8
160,805,Renault,Reno Kwid,28,2014,2014,2014,0,,28,0,0,0,2,2,4,6,6,8
160,807,Renault,Scenic,120,2004;2011;2012;2013,2004,2013,0,,120,0,0,0,1,15,13,12,49,30
161,1999,Shouwang,Shouwang,11,2012,2012,2012,0,,11,0,0,0,0,1,1,2,6,1
162,1609,MAZDA,Atenza,119,2014,2014,2014,0,,119,0,0,0,0,22,11,21,42,23
162,1610,MAZDA,Mazda 8,117,2011;2013;2015,2011,2015,0,,117,0,0,0,0,17,12,19,45,24
162,1611,MAZDA,Mazda CX7,120,2010;2011;2014,2010,2014,0,,120,0,0,0,0,20,10,20,41,29
162,1612,MAZDA,Ruiyi,120,2009;2010;2011;2012,2009,2012,0,,120,0,0,0,0,20,16,19,33,32
162,1613,MAZDA,Ruiyi coupe,147,2010;2011;2012,2010,2012,0,,147,0,0,0,0,23,14,29,54,27
162,1614,MAZDA,Mazda 6,118,2007;2011;2012;2013;2014;2015,2007,2015,0,,118,0,0,0,0,15,13,21,45,24
162,1615,MAZDA,ATENZA,120,2013;2015,2013,2015,0,,120,0,0,0,0,13,5,10,59,33
162,1618,MAZDA,Mazda CX-9,120,2007;2009;2012;2013,2007,2013,0,,120,0,0,0,0,12,11,17,52,28
162,1619,MAZDA,Mazda MX-5,119,2009;2012;2013;2014;2015,2009,2015,0,,119,0,0,0,0,16,6,24,43,30
162,1620,MAZDA,Mazda 3 abroad version,120,2010;2012;2013;2014,2010,2014,0,,120,0,0,0,0,21,7,14,51,27
162,1621,MAZDA,Mazda RX-8,41,2008;2010,2008,2010,0,,41,0,0,0,0,3,0,6,23,9
162,1622,MAZDA,Takeri,70,2011;2012,2011,2012,0,,70,0,0,0,0,7,2,10,34,17
162,1625,MAZDA,Mazda 7 Wagon,30,2013,2013,2013,0,,30,0,0,0,0,0,0,5,22,3
162,1626,MAZDA,Shinari,45,2010,2010,2010,0,,45,0,0,0,2,6,0,8,19,10
162,1628,MAZDA,Hazumi,61,2014,2014,2014,0,,61,0,0,0,0,6,5,15,18,17
162,1629,MAZDA,Mazda 5,120,2010;2011;2013,2010,2013,0,,120,0,0,0,0,12,9,25,44,30
162,1630,MAZDA,Axela hatchback,69,2014,2014,2014,0,,69,0,0,0,0,10,9,15,18,17
162,1631,MAZDA,Mazda 2,117,2011;2012;2015,2011,2015,0,,117,0,0,0,0,13,15,17,47,25
162,1632,MAZDA,Mazda 2 sedan,34,2011;2012,2011,2012,0,,34,0,0,0,0,4,4,8,11,7
162,1633,MAZDA,Mazda 3,120,2010;2012,2010,2012,0,,120,0,0,0,0,19,18,18,38,27
162,1634,MAZDA,Mazda 3 Xingcheng hatchback,100,2011;2012;2013;2015,2011,2015,0,,100,0,0,0,0,13,13,22,27,25
162,1635,MAZDA,Mazda 3 Xingcheng sedan,66,2011;2013;2015,2011,2015,0,,66,0,0,0,0,8,10,16,17,15
162,1636,MAZDA,Mazda CX-5,120,2012;2013;2014,2012,2014,0,,120,0,0,0,0,23,15,19,38,25
162,1637,MAZDA,Axela sedan,126,2014,2014,2014,0,,126,0,0,0,0,19,16,24,37,30
163,717,Huanghai,Aolong,13,2010,2010,2010,0,,13,0,0,0,0,2,1,2,6,2
163,718,Huanghai,Dachaishen,75,2009;2010;2011;2012,2009,2012,0,,75,0,0,0,0,10,8,14,26,17
163,719,Huanghai,Huanghai N1,65,2014,2014,2014,0,,65,0,0,0,0,10,10,13,21,11
163,720,Huanghai,Huanghai Challenger,18,2010;2012,2010,2012,0,,18,0,0,0,0,2,2,3,7,4
163,721,Huanghai,Qisheng F1,29,2008;2009;2010;2012,2008,2012,0,,29,0,0,0,0,2,2,5,14,6
163,722,Huanghai,Qisheng V3,68,2011,2011,2011,0,,68,0,0,0,0,11,10,8,23,16
163,723,Huanghai,Ruitu,18,2013,2013,2013,0,,18,0,0,0,0,3,3,4,6,2
163,724,Huanghai,Xiaochaishen,7,2010,2010,2010,0,,7,0,0,0,0,2,0,1,2,2
163,725,Huanghai,Aojun,35,2009;2010;2011,2009,2011,0,,35,0,0,0,0,3,2,6,15,9
